ID;Código da Disciplina;Disciplinas;Professor;Turma;Turno;Qtd Alunos;CH Presencial (Hora Aula);CH EaD (Hora Aula);SEG;TER;QUA;QUI;SEX;SAB
104699;RV.ADM01;REDAçãO DE TEXTOS OFICIAIS;WILCIENE NUNES DO VALE;20181.02ADM112.1V;Tarde;55;3;0;1-6,13-16;1-6,13-16;1-6,13-16;1-6,13-16;1-6,13-16;1-16
104696;RV.ADM02;ÉTICA;MILTON BERNARDES FERREIRA;20181.02ADM112.1V;Tarde;55;3;0;1-6,13-16;1-6,13-16;1-6,13-16;1-6,13-16;1-6,13-16;1-16
104694;RV.ADM03;CENáRIOS ECONôMICOS E MERCADOS;HAIHANI SILVA PASSOS;20181.02ADM112.1V;Tarde;55;3;0;1-6,13-16;1-6,13-16;1-6,13-16;1-6,13-16;1-6,13-16;1-16
104700;RV.ADM04;SOCIOLOGIA APLICADA à ADMINISTRAçãO;ROBERTO EDUARDO CASTILLO PIZARRO;20181.02ADM112.1V;Tarde;55;2;0;1-6,13-16;1-6,13-16;1-6,13-16;1-6,13-16;1-6,13-16;1-16
104697;RV.ADM401;GESTãO EMPRESARIAL;LíDIA NUNES DE ÁVILA CARVALHAES;20181.02ADM112.1V;Tarde;55;4;0;1-6,13-16;1-6,13-16;1-6,13-16;1-6,13-16;1-6,13-16;1-16
104698;RV.EXA808;MATEMáTICA FINANCEIRA;KELEN HELENA DE OLIVEIRA;20181.02ADM112.1V;Tarde;55;4;0;1-6,13-16;1-6,13-16;1-6,13-16;1-6,13-16;1-6,13-16;1-16
104695;RV.HUM824;DIREITO;MáRCIA CRISTINA PUYDINGER DE FAZIO;20181.02ADM112.1V;Tarde;55;3;0;1-6,13-16;1-6,13-16;1-6,13-16;1-6,13-16;1-6,13-16;1-16
99921;RV.ADM402;GESTãO DA QUALIDADE;MILTON BERNARDES FERREIRA,LUCIANA DE SOUSA SANTOS;20181.02ADM112.2V;Tarde;50;2;0;1-6,13-16;1-6,13-16;1-6,13-16;1-6,13-16;1-6,13-16;1-16
99923;RV.ADM403;MARKETING;MILTON BERNARDES FERREIRA;20181.02ADM112.2V;Tarde;50;3;0;1-6,13-16;1-6,13-16;1-6,13-16;1-6,13-16;1-6,13-16;1-16
99919;RV.ADM408;COOPERATIVISMO E ASSOCIATIVISMO;SAMANTHA REZENDE MENDES;20181.02ADM112.2V;Tarde;50;2;0;1-6,13-16;1-6,13-16;1-6,13-16;1-6,13-16;1-6,13-16;1-16
99924;RV.ADM96;ORGANIZAçãO,SISTEMA E MéTODOS;RAFAEL PAZETO ALVARENGA;20181.02ADM112.2V;Tarde;50;2;0;1-6,13-16;1-6,13-16;1-6,13-16;1-6,13-16;1-6,13-16;1-16
99918;RV.CON816;CONTABILIDADE BáSICA;RAQUEL MARIA PRADO,LUCINEIDO GOMES DE MORAES;20181.02ADM112.2V;Tarde;50;2;0;1-6,13-16;1-6,13-16;1-6,13-16;1-6,13-16;1-6,13-16;1-16
99920;RV.EXA809;ESTATíSTICA BáSICA;IDALCI CRUVINEL DOS REIS;20181.02ADM112.2V;Tarde;50;2;0;1-6,13-16;1-6,13-16;1-6,13-16;1-6,13-16;1-6,13-16;1-16
99928;RV.ADM404;COMéRCIO ELETRôNICO E AUTOMAçãO COMERCIAL;JOSé AURELIO VAZQUEZ RUBIO;20181.02ADM112.3V;Tarde;50;2;0;1-6,13-16;1-6,13-16;1-6,13-16;1-6,13-16;1-6,13-16;1-16
99931;RV.ADM406;PLANEJAMENTO ESTRATéGICO;JERLIANE CRUVINEL MENEZES;20181.02ADM112.3V;Tarde;50;2;0;1-6,13-16;1-6,13-16;1-6,13-16;1-6,13-16;1-6,13-16;1-16
99926;RV.ADM810;ADMINISTRAçãO FINANCEIRA;RAQUEL MARIA PRADO,LUCINEIDO GOMES DE MORAES;20181.02ADM112.3V;Tarde;50;2;0;1-6,13-16;1-6,13-16;1-6,13-16;1-6,13-16;1-6,13-16;1-16
99929;RV.ADM824;EMPREENDEDORISMO;LUCIENE DE OLIVEIRA GUERRA;20181.02ADM112.3V;Tarde;50;2;0;1-6,13-16;1-6,13-16;1-6,13-16;1-6,13-16;1-6,13-16;1-16
99925;RV.ADM97;ADMINISTRAçãO DE RECURSOS MATERIAIS E PATRIMONIAIS E LOGíSTICA;JERLIANE CRUVINEL MENEZES;20181.02ADM112.3V;Tarde;50;2;0;1-6,13-16;1-6,13-16;1-6,13-16;1-6,13-16;1-6,13-16;1-16
99930;RV.SEC306;GESTãO DE PESSOAS;LíDIA NUNES DE ÁVILA CARVALHAES;20181.02ADM112.3V;Tarde;50;2;0;1-6,13-16;1-6,13-16;1-6,13-16;1-6,13-16;1-6,13-16;1-16
99927;TADMRV.1;ANáLISE DE CUSTO E FORMAçãO DE PREçOS;FABIO FERREIRA DA SILVA OLIVEIRA;20181.02ADM112.3V;Tarde;50;2;0;1-6,13-16;1-6,13-16;1-6,13-16;1-6,13-16;1-6,13-16;1-16
104692;RV.ADM01;REDAçãO DE TEXTOS OFICIAIS;WILCIENE NUNES DO VALE;20181.02ADM11N.1N;Noite;55;3;0;1-12;1-12;1-12;1-12;1-12;0
104689;RV.ADM02;ÉTICA;MILTON BERNARDES FERREIRA;20181.02ADM11N.1N;Noite;55;3;0;1-12;1-12;1-12;1-12;1-12;0
104687;RV.ADM03;CENáRIOS ECONôMICOS E MERCADOS;SAMANTHA REZENDE MENDES;20181.02ADM11N.1N;Noite;55;2;0;1-12;1-12;1-12;1-12;1-12;0
104693;RV.ADM04;SOCIOLOGIA APLICADA à ADMINISTRAçãO;ROBERTO EDUARDO CASTILLO PIZARRO;20181.02ADM11N.1N;Noite;55;2;0;1-12;1-12;1-12;1-12;1-12;0
104690;RV.ADM401;GESTãO EMPRESARIAL;JERLIANE CRUVINEL MENEZES;20181.02ADM11N.1N;Noite;55;3;0;1-12;1-12;1-12;1-12;1-12;0
104691;RV.EXA808;MATEMáTICA FINANCEIRA;IDALCI CRUVINEL DOS REIS;20181.02ADM11N.1N;Noite;55;4;0;1-12;1-12;1-12;1-12;1-12;0
104688;RV.HUM824;DIREITO;MáRCIA CRISTINA PUYDINGER DE FAZIO;20181.02ADM11N.1N;Noite;55;3;0;1-12;1-12;1-12;1-12;1-12;0
99908;RV.ADM402;GESTãO DA QUALIDADE;SAMANTHA REZENDE MENDES,LUCIANA DE SOUSA SANTOS;20181.02ADM11N.2N;Noite;50;2;0;1-12;1-12;1-12;1-12;1-12;0
99909;RV.ADM403;MARKETING;MILTON BERNARDES FERREIRA;20181.02ADM11N.2N;Noite;50;3;0;1-12;1-12;1-12;1-12;1-12;0
99906;RV.ADM408;COOPERATIVISMO E ASSOCIATIVISMO;SAMANTHA REZENDE MENDES;20181.02ADM11N.2N;Noite;50;2;0;1-12;1-12;1-12;1-12;1-12;0
99910;RV.ADM96;ORGANIZAçãO,SISTEMA E MéTODOS;RAFAEL PAZETO ALVARENGA;20181.02ADM11N.2N;Noite;50;2;0;1-12;1-12;1-12;1-12;1-12;0
99905;RV.CON816;CONTABILIDADE BáSICA;RAQUEL MARIA PRADO,LUCINEIDO GOMES DE MORAES;20181.02ADM11N.2N;Noite;50;2;0;1-12;1-12;1-12;1-12;1-12;0
99907;RV.EXA809;ESTATíSTICA BáSICA;RENATO CRUVINEL DE OLIVEIRA;20181.02ADM11N.2N;Noite;56;2;0;1-12;1-12;1-12;1-12;1-12;0
99914;RV.ADM404;COMéRCIO ELETRôNICO E AUTOMAçãO COMERCIAL;JOSé AURELIO VAZQUEZ RUBIO;20181.02ADM11N.3N;Noite;50;2;0;1-12;1-12;1-12;1-12;1-12;0
99917;RV.ADM406;PLANEJAMENTO ESTRATéGICO;JERLIANE CRUVINEL MENEZES;20181.02ADM11N.3N;Noite;50;2;0;1-12;1-12;1-12;1-12;1-12;0
99912;RV.ADM810;ADMINISTRAçãO FINANCEIRA;SILVIA FERREIRA MARQUES SALUSTIANO,LUCIANA DE SOUSA SANTOS;20181.02ADM11N.3N;Noite;50;2;0;1-12;1-12;1-12;1-12;1-12;0
99915;RV.ADM824;EMPREENDEDORISMO;LUCIENE DE OLIVEIRA GUERRA;20181.02ADM11N.3N;Noite;50;2;0;1-12;1-12;1-12;1-12;1-12;0
99911;RV.ADM97;ADMINISTRAçãO DE RECURSOS MATERIAIS E PATRIMONIAIS E LOGíSTICA;JOSé AURELIO VAZQUEZ RUBIO;20181.02ADM11N.3N;Noite;50;2;0;1-12;1-12;1-12;1-12;1-12;0
99916;RV.SEC306;GESTãO DE PESSOAS;JERLIANE CRUVINEL MENEZES;20181.02ADM11N.3N;Noite;50;2;0;1-12;1-12;1-12;1-12;1-12;0
99913;TADMRV.1;ANáLISE DE CUSTO E FORMAçãO DE PREçOS;RAFAEL PAZETO ALVARENGA;20181.02ADM11N.3N;Noite;50;2;0;1-12;1-12;1-12;1-12;1-12;0
104954;RV.INF811;INFORMáTICA BáSICA;RAFAEL PAZETO ALVARENGA;20181.02ADM12N.1N;Noite;55;4;0;1-12;1-12;1-12;1-12;1-12;0
104950;RV.PRO001;ARTES;THOMAZ JOEZER HERLER;20181.02ADM12N.1N;Noite;55;1;0;1-12;1-12;1-12;1-12;1-12;0
104955;RV.PRO002;MATEMáTICA I;KELEN HELENA DE OLIVEIRA;20181.02ADM12N.1N;Noite;55;3;0;1-12;1-12;1-12;1-12;1-12;0
104952;RV.PRO003;GEOGRAFIA I;ROBERTO EDUARDO CASTILLO PIZARRO;20181.02ADM12N.1N;Noite;55;2;0;1-12;1-12;1-12;1-12;1-12;0
104953;RV.PRO004;HISTóRIA I;THOMAZ JOEZER HERLER;20181.02ADM12N.1N;Noite;55;2;0;1-12;1-12;1-12;1-12;1-12;0
104951;RV.PRO005;BIOLOGIA I;GUSTAVO ANTôNIO TEIXEIRA CHAVES;20181.02ADM12N.1N;Noite;55;3;0;1-12;1-12;1-12;1-12;1-12;0
104956;RV.PRO008;COMUNICAçãO ORAL EM PúBLICO;WILCIENE NUNES DO VALE;20181.02ADM12N.1N;Noite;55;2;0;1-12;1-12;1-12;1-12;1-12;0
100057;RV.PRO11;MATEMáTICA II;KELEN HELENA DE OLIVEIRA;20181.02ADM12N.2N;Noite;50;2;0;1-12;1-12;1-12;1-12;1-12;0
100058;RV.PRO20;PORTUGUêS II;WILCIENE NUNES DO VALE;20181.02ADM12N.2N;Noite;50;2;0;1-12;1-12;1-12;1-12;1-12;0
100055;RV.PRO31;GEOGRAFIA II;ROBERTO EDUARDO CASTILLO PIZARRO;20181.02ADM12N.2N;Noite;50;3;0;1-12;1-12;1-12;1-12;1-12;0
100056;RV.PRO41;HISTóRIA II;THOMAZ JOEZER HERLER;20181.02ADM12N.2N;Noite;50;2;0;1-12;1-12;1-12;1-12;1-12;0
100052;RV.PRO51;BIOLOGIA II;GUSTAVO ANTôNIO TEIXEIRA CHAVES;20181.02ADM12N.2N;Noite;50;2;0;1-12;1-12;1-12;1-12;1-12;0
100054;RV.PRO60;FíSICA I;GUSTAVO QUEREZA DE FREITAS;20181.02ADM12N.2N;Noite;50;2;0;1-12;1-12;1-12;1-12;1-12;0
100053;RV.PRO91;FILOSOFIA;THOMAZ JOEZER HERLER;20181.02ADM12N.2N;Noite;50;2;0;1-12;1-12;1-12;1-12;1-12;0
100062;RV.ADM401;GESTãO EMPRESARIAL;JERLIANE CRUVINEL MENEZES;20181.02ADM12N.3N;Noite;50;3;0;1-12;1-12;1-12;1-12;1-12;0
100064;RV.PRO12;MATEMáTICA III;KELEN HELENA DE OLIVEIRA;20181.02ADM12N.3N;Noite;50;3;0;1-12;1-12;1-12;1-12;1-12;0
100065;RV.PRO21;PORTUGUêS III;SANDRA MARA SANTOS LEMOS;20181.02ADM12N.3N;Noite;50;2;0;1-12;1-12;1-12;1-12;1-12;0
100061;RV.PRO32;GEOGRAFIA III;ROBERTO EDUARDO CASTILLO PIZARRO;20181.02ADM12N.3N;Noite;50;2;0;1-12;1-12;1-12;1-12;1-12;0
100063;RV.PRO42;HISTóRIA III;THOMAZ JOEZER HERLER;20181.02ADM12N.3N;Noite;50;2;0;1-12;1-12;1-12;1-12;1-12;0
100059;RV.PRO52;BIOLOGIA III;GUSTAVO ANTôNIO TEIXEIRA CHAVES;20181.02ADM12N.3N;Noite;50;2;0;1-12;1-12;1-12;1-12;1-12;0
100060;RV.PRO61;FíSICA II;SALMON LANDI JUNIOR;20181.02ADM12N.3N;Noite;50;2;0;1-12;1-12;1-12;1-12;1-12;0
100067;RV.ECO820;CENáRIOS ECONôMICOS E MERCADOS;SAMANTHA REZENDE MENDES;20181.02ADM12N.4N;Noite;50;2;0;1-12;1-12;1-12;1-12;1-12;0
100071;RV.PRO13;MATEMáTICA IV;KELEN HELENA DE OLIVEIRA;20181.02ADM12N.4N;Noite;50;3;0;1-12;1-12;1-12;1-12;1-12;0
100072;RV.PRO22;PORTUGUêS IV;WILCIENE NUNES DO VALE;20181.02ADM12N.4N;Noite;50;0;0;1-12;1-12;1-12;1-12;1-12;0
100069;RV.PRO33;GEOGRAFIA IV;ROBERTO EDUARDO CASTILLO PIZARRO;20181.02ADM12N.4N;Noite;50;2;0;1-12;1-12;1-12;1-12;1-12;0
100070;RV.PRO43;HISTóRIA IV;THOMAZ JOEZER HERLER;20181.02ADM12N.4N;Noite;50;2;0;1-12;1-12;1-12;1-12;1-12;0
100066;RV.PRO53;BIOLOGIA IV;GUSTAVO ANTôNIO TEIXEIRA CHAVES;20181.02ADM12N.4N;Noite;50;2;0;1-12;1-12;1-12;1-12;1-12;0
100068;RV.PRO62;FíSICA III;SALMON LANDI JUNIOR;20181.02ADM12N.4N;Noite;50;3;0;1-12;1-12;1-12;1-12;1-12;0
100074;RV.ADM402;GESTãO DA QUALIDADE;MILTON BERNARDES FERREIRA;20181.02ADM12N.5N;Noite;50;2;0;1-12;1-12;1-12;1-12;1-12;0
100077;RV.ADM406;PLANEJAMENTO ESTRATéGICO;RAFAEL PAZETO ALVARENGA;20181.02ADM12N.5N;Noite;50;2;0;1-12;1-12;1-12;1-12;1-12;0
100073;RV.ADM408;COOPERATIVISMO E ASSOCIATIVISMO;SAMANTHA REZENDE MENDES;20181.02ADM12N.5N;Noite;50;2;0;1-12;1-12;1-12;1-12;1-12;0
100076;RV.PRO14;MATEMáTICA V;KELEN HELENA DE OLIVEIRA;20181.02ADM12N.5N;Noite;50;3;0;1-12;1-12;1-12;1-12;1-12;0
100078;RV.PRO70;QUíMICA I;LUISMAR DE PAULA SOUZA;20181.02ADM12N.5N;Noite;50;2;0;1-12;1-12;1-12;1-12;1-12;0
100075;RV.PRO80;INGLêS I;LíDIA NUNES DE ÁVILA CARVALHAES;20181.02ADM12N.5N;Noite;50;2;0;1-12;1-12;1-12;1-12;1-12;0
100079;RV.PRO92;SOCIOLOGIA;THOMAZ JOEZER HERLER;20181.02ADM12N.5N;Noite;50;2;0;1-12;1-12;1-12;1-12;1-12;0
100085;RV.ADM403;MARKETING;MILTON BERNARDES FERREIRA;20181.02ADM12N.6N;Noite;50;3;0;1-12;1-12;1-12;1-12;1-12;0
100081;RV.ADM824;EMPREENDEDORISMO;LUCIENE DE OLIVEIRA GUERRA;20181.02ADM12N.6N;Noite;50;2;0;1-12;1-12;1-12;1-12;1-12;0
100080;RV.CON816;CONTABILIDADE BáSICA;FABIO FERREIRA DA SILVA OLIVEIRA;20181.02ADM12N.6N;Noite;50;2;0;1-12;1-12;1-12;1-12;1-12;0
100082;RV.EXA809;ESTATíSTICA BáSICA;KELEN HELENA DE OLIVEIRA;20181.02ADM12N.6N;Noite;50;2;0;1-12;1-12;1-12;1-12;1-12;0
100083;RV.HUM818;ÉTICA E RELAçõES NO TRABALHO;MILTON BERNARDES FERREIRA,LUCIANA DE SOUSA SANTOS;20181.02ADM12N.6N;Noite;50;2;0;1-12;1-12;1-12;1-12;1-12;0
100086;RV.PRO71;QUíMICA II;LUISMAR DE PAULA SOUZA;20181.02ADM12N.6N;Noite;50;2;0;1-12;1-12;1-12;1-12;1-12;0
100084;RV.PRO81;INGLêS II;LíDIA NUNES DE ÁVILA CARVALHAES;20181.02ADM12N.6N;Noite;50;2;0;1-12;1-12;1-12;1-12;1-12;0
100087;RV.ADM405;ADMINISTRAçãO DE RECURSOS MATERIAIS,PATRIMONIAIS E LOGíSTICA;JERLIANE CRUVINEL MENEZES;20181.02ADM12N.7N;Noite;50;3;0;1-12;1-12;1-12;1-12;1-12;0
100088;RV.ADM407;ADMINISTRAçãO DE RECURSOS HUMANOS;RAFAEL PAZETO ALVARENGA;20181.02ADM12N.7N;Noite;50;2;0;1-12;1-12;1-12;1-12;1-12;0
100089;RV.ADM810;ADMINISTRAçãO FINANCEIRA;JOSé AURELIO VAZQUEZ RUBIO,LUCIANA DE SOUSA SANTOS;20181.02ADM12N.7N;Noite;50;2;0;1-12;1-12;1-12;1-12;1-12;0
100090;RV.CON815;ANáLISE DE CUSTOS E FORMAçãO DE PREçOS;LUCIANA DE SOUSA SANTOS,RAFAEL PAZETO ALVARENGA;20181.02ADM12N.7N;Noite;50;2;0;1-12;1-12;1-12;1-12;1-12;0
100091;RV.HUM823;DIREITO;MáRCIA CRISTINA PUYDINGER DE FAZIO;20181.02ADM12N.7N;Noite;50;2;0;1-12;1-12;1-12;1-12;1-12;0
100092;RV.PRO23;PORTUGUêS V;WILCIENE NUNES DO VALE;20181.02ADM12N.7N;Noite;50;2;0;1-12;1-12;1-12;1-12;1-12;0
100093;RV.PRO72;QUIMICA III;RODRIGO BRAGHIROLI;20181.02ADM12N.7N;Noite;50;2;0;1-12;1-12;1-12;1-12;1-12;0
99039;RV.AGN197;EMPREENDEDORISMO NO AGRONEGóCIO;CARLOS ANTONIO CARDOSO SOBRINHO;20181.02AGN21N.3N;Noite;50;4;0;1-12;1-12;1-12;1-12;1-12;0
99040;RV.AGN216;GESTãO DA QUALIDADE NO AGRONEGóCIO;CARLOS ANTONIO CARDOSO SOBRINHO,LUCIANA DE SOUSA SANTOS;20181.02AGN21N.3N;Noite;50;4;0;1-12;1-12;1-12;1-12;1-12;0
99042;RV.AGN222;RECURSOS HUMANOS NO AGRONEGóCIO;LUIZA FERREIRA REZENDE DE MEDEIROS;20181.02AGN21N.3N;Noite;50;3;0;1-12;1-12;1-12;1-12;1-12;0
99043;RV.AGN230;SISTEMAS ECONôMICOS E VALORAçãO AMBIENTAL;SILVIA FERREIRA MARQUES SALUSTIANO;20181.02AGN21N.3N;Noite;50;4;0;1-12;1-12;1-12;1-12;1-12;0
99041;RV.AGN232;POLíTICAS AGRíCOLAS E COMERCIALIZAçãO;SILVIA FERREIRA MARQUES SALUSTIANO;20181.02AGN21N.3N;Noite;50;4;0;1-12;1-12;1-12;1-12;1-12;0
99044;RV.AGN208;ANáLISE DE CUSTOS E FORMAçãO DE PREçOS NO AGRONEGóCIO;RúBIA CRISTINA ARANTES MARQUES;20181.02AGN21N.5N;Noite;50;4;0;1-12;1-12;1-12;1-12;1-12;0
99045;RV.AGN218;COMéRCIO EXTERIOR;HAIHANI SILVA PASSOS;20181.02AGN21N.5N;Noite;50;4;0;1-12;1-12;1-12;1-12;1-12;0
99047;RV.AGN225;TóPICOS ESPECIAIS EM PRODUçãO VEGETAL;PABLO DIEGO SILVA CABRAL;20181.02AGN21N.5N;Noite;50;4;0;1-12;1-12;1-12;1-12;1-12;0
99046;RV.AGN231;SISTEMAS DE INFORMAçõES GERENCIAIS NO AGRONEGóCIO;JOSé AURELIO VAZQUEZ RUBIO;20181.02AGN21N.5N;Noite;50;4;0;1-12;1-12;1-12;1-12;1-12;0
99048;RV.TCC212;TRABALHO DE CURSO I;CARLOS ANTONIO CARDOSO SOBRINHO;20181.02AGN21N.5N;Noite;50;4;0;1-12;1-12;1-12;1-12;1-12;0
99080;RV.AGN220;GLOBALIZAçãO,NOVAS TECNOLOGIAS E INSERçãO INTERNACIONAL DO BRASIL;EMIVAL DA CUNHA RIBEIRO;20181.02AGN21N.7N;Noite;55;3;0;1-12;1-12;1-12;1-12;1-12;0
99064;RV.AGN221;DESENVOLVIMENTO REGIONAL;EMIVAL DA CUNHA RIBEIRO;20181.02AGN21N.7N;Noite;56;3;0;1-12;1-12;1-12;1-12;1-12;0
99059;RV.AGN229;COOPERATIVISMO E ASSOCIATIVISMO;SAMANTHA REZENDE MENDES;20181.02AGN21N.7N;Noite;50;4;0;1-12;1-12;1-12;1-12;1-12;0
99094;RV.GAM218;PLANEJAMENTO TERRITORIAL URBANO E RURAL;JESIEL SOUZA SILVA;20181.02AGN21N.7N;Noite;55;5;0;1-12;1-12;1-12;1-12;1-12;0
104703;RV.EXA224;MATEMáTICA APLICADA;RENATO CRUVINEL DE OLIVEIRA;20181.02AGP11M.1M;Manhã;55;4;0;7-16;7-16;7-16;7-16;7-16;1-16
104702;RV.TAG003;AGRICULTURA GERAL;ADRIANO PERIN;20181.02AGP11M.1M;Manhã;55;6;0;7-16;7-16;7-16;7-16;7-16;1-16
104705;RV.TAG004;ZOOTECNIA GERAL;JéSSIKA MARA MARTINS RIBEIRO;20181.02AGP11M.1M;Manhã;55;5;0;7-16;7-16;7-16;7-16;7-16;1-16
104701;RV.TAG005;ADMINISTRAçãO RURAL;CARLOS ANTONIO CARDOSO SOBRINHO;20181.02AGP11M.1M;Manhã;55;4;0;7-16;7-16;7-16;7-16;7-16;1-16
104704;RV.TAG503;MECANIZAçãO AGRíCOLA;JOãO CLEBER MODERNEL DA SILVEIRA;20181.02AGP11M.1M;Manhã;55;5;0;7-16;7-16;7-16;7-16;7-16;1-16
99934;RAGROP-RV.1;IRRIGAçãO E DRENAGEM;LEONARDO NAZARIO SILVA DOS SANTOS;20181.02AGP11M.2M;Manhã;50;4;0;7-16;7-16;7-16;7-16;7-16;1-16
99933;RAGROP-RV.6;DESENHO TéCNICO CONSTRUçõES E INSTALAçõES RURAIS;BRUNO BOTELHO SALEH;20181.02AGP11M.2M;Manhã;50;4;0;7-16;7-16;7-16;7-16;7-16;1-16
99932;RV.TAG504;AVICULTURA;FABIANA RAMOS DOS SANTOS;20181.02AGP11M.2M;Manhã;50;5;0;7-16;7-16;7-16;7-16;7-16;1-16
99935;RV.TAG505;OLERICULTURA;JOSé WESELLI DE Sá ANDRADE;20181.02AGP11M.2M;Manhã;50;5;0;7-16;7-16;7-16;7-16;7-16;1-16
99936;RV.TAG509;OVINO E CAPRINO;ELIS APARECIDO BENTO;20181.02AGP11M.2M;Manhã;50;2;0;7-16;7-16;7-16;7-16;7-16;1-16
99940;RAGROP-RV.3;PROTEÇÃO DE PLANTAS;RAFAEL MARQUES PEREIRA LEAL;20181.02AGP11M.3M;Manhã;50;2;0;7-16;7-16;7-16;7-16;7-16;1-16
99937;RV.TAG001;ARMAZENAMENTO DE GRãOS;OSVALDO RESENDE;20181.02AGP11M.3M;Manhã;50;4;0;7-16;7-16;7-16;7-16;7-16;1-16
99938;RV.TAG002;CULTURAS ANUAIS I;EDNALVA PATRíCIA DE ANDRADE SILVA;20181.02AGP11M.3M;Manhã;50;4;0;7-16;7-16;7-16;7-16;7-16;1-16
99942;RV.TAG506;TOPOGRAFIA;DAVID VIEIRA LIMA;20181.02AGP11M.3M;Manhã;50;4;0;7-16;7-16;7-16;7-16;7-16;1-16
99941;RV.TAG510;SUINOCULTURA;TIAGO PEREIRA GUIMARãES;20181.02AGP11M.3M;Manhã;50;5;0;7-16;7-16;7-16;7-16;7-16;1-16
99939;RV.TAG513;FORRAGICULTURA;TIAGO PEREIRA GUIMARãES;20181.02AGP11M.3M;Manhã;50;2;0;7-16;7-16;7-16;7-16;7-16;1-16
99943;RAGROP-RV.4;AGROINDUSTRIA;MARCO ANTôNIO PEREIRA DA SILVA;20181.02AGP11M.4M;Manhã;50;4;0;7-16;7-16;7-16;7-16;7-16;1-16
99945;RV.TAG517;CULTURAS ANUAIS II;EDNALVA PATRíCIA DE ANDRADE SILVA;20181.02AGP11M.4M;Manhã;50;4;0;7-16;7-16;7-16;7-16;7-16;1-16
99946;RV.TAG518;FRUTICULTURA;FERNANDO HIGINO DE LIMA E SILVA;20181.02AGP11M.4M;Manhã;50;5;0;7-16;7-16;7-16;7-16;7-16;1-16
99944;RV.TAG519;BOVINOCULTURA;TIAGO PEREIRA GUIMARãES;20181.02AGP11M.4M;Manhã;50;5;0;7-16;7-16;7-16;7-16;7-16;1-16
99947;RV.TAG521;PROJETOS AGROPECUáRIOS;GILBERTO COLODRO;20181.02AGP11M.4M;Manhã;50;2;0;7-16;7-16;7-16;7-16;7-16;1-16
104708;RV.EXA224;MATEMáTICA APLICADA;CAIKE DA ROCHA DAMKE;20181.02AGP11V.1V;Tarde;55;3;0;1-6,13-16;1-6,13-16;1-6,13-16;1-6,13-16;1-6,13-16;1-16
104707;RV.TAG003;AGRICULTURA GERAL;ADRIANO PERIN;20181.02AGP11V.1V;Tarde;55;5;0;1-6,13-16;1-6,13-16;1-6,13-16;1-6,13-16;1-6,13-16;1-16
104710;RV.TAG004;ZOOTECNIA GERAL;JéSSIKA MARA MARTINS RIBEIRO;20181.02AGP11V.1V;Tarde;55;4;0;1-6,13-16;1-6,13-16;1-6,13-16;1-6,13-16;1-6,13-16;1-16
104706;RV.TAG005;ADMINISTRAçãO RURAL;CARLOS ANTONIO CARDOSO SOBRINHO;20181.02AGP11V.1V;Tarde;55;3;0;1-6,13-16;1-6,13-16;1-6,13-16;1-6,13-16;1-6,13-16;1-16
104709;RV.TAG503;MECANIZAçãO AGRíCOLA;GILBERTO COLODRO;20181.02AGP11V.1V;Tarde;55;4;0;1-6,13-16;1-6,13-16;1-6,13-16;1-6,13-16;1-6,13-16;1-16
99950;RAGROP-RV.1;IRRIGAçãO E DRENAGEM;LEONARDO NAZARIO SILVA DOS SANTOS;20181.02AGP11V.2V;Tarde;50;3;0;1-6,13-16;1-6,13-16;1-6,13-16;1-6,13-16;1-6,13-16;1-16
99949;RAGROP-RV.6;DESENHO TéCNICO CONSTRUçõES E INSTALAçõES RURAIS;BRUNO BOTELHO SALEH;20181.02AGP11V.2V;Tarde;50;3;0;1-6,13-16;1-6,13-16;1-6,13-16;1-6,13-16;1-6,13-16;1-16
99948;RV.TAG504;AVICULTURA;FABIANA RAMOS DOS SANTOS;20181.02AGP11V.2V;Tarde;50;4;0;1-6,13-16;1-6,13-16;1-6,13-16;1-6,13-16;1-6,13-16;1-16
99951;RV.TAG505;OLERICULTURA;RENATA PEREIRA MARQUES;20181.02AGP11V.2V;Tarde;50;4;0;1-6,13-16;1-6,13-16;1-6,13-16;1-6,13-16;1-6,13-16;1-16
99952;RV.TAG509;OVINO E CAPRINO;ELIS APARECIDO BENTO;20181.02AGP11V.2V;Tarde;50;2;0;1-6,13-16;1-6,13-16;1-6,13-16;1-6,13-16;1-6,13-16;1-16
99956;RAGROP-RV.3;PROTEÇÃO DE PLANTAS;RAFAEL MARQUES PEREIRA LEAL;20181.02AGP11V.3V;Tarde;50;2;0;1-6,13-16;1-6,13-16;1-6,13-16;1-6,13-16;1-6,13-16;1-16
99953;RV.TAG001;ARMAZENAMENTO DE GRãOS;JACSON ZUCHI;20181.02AGP11V.3V;Tarde;50;3;0;1-6,13-16;1-6,13-16;1-6,13-16;1-6,13-16;1-6,13-16;1-16
99954;RV.TAG002;CULTURAS ANUAIS I;ADRIANO PERIN;20181.02AGP11V.3V;Tarde;50;3;0;1-6,13-16;1-6,13-16;1-6,13-16;1-6,13-16;1-6,13-16;1-16
99958;RV.TAG506;TOPOGRAFIA;DAVID VIEIRA LIMA;20181.02AGP11V.3V;Tarde;50;3;0;1-6,13-16;1-6,13-16;1-6,13-16;1-6,13-16;1-6,13-16;1-16
99957;RV.TAG510;SUINOCULTURA;TIAGO PEREIRA GUIMARãES;20181.02AGP11V.3V;Tarde;50;4;0;1-6,13-16;1-6,13-16;1-6,13-16;1-6,13-16;1-6,13-16;1-16
99955;RV.TAG513;FORRAGICULTURA;TIAGO PEREIRA GUIMARãES;20181.02AGP11V.3V;Tarde;50;2;0;1-6,13-16;1-6,13-16;1-6,13-16;1-6,13-16;1-6,13-16;1-16
99959;RAGROP-RV.4;AGROINDUSTRIA;MARCO ANTôNIO PEREIRA DA SILVA;20181.02AGP11V.4V;Tarde;50;3;0;1-6,13-16;1-6,13-16;1-6,13-16;1-6,13-16;1-6,13-16;1-16
99961;RV.TAG517;CULTURAS ANUAIS II;EDNALVA PATRíCIA DE ANDRADE SILVA;20181.02AGP11V.4V;Tarde;50;3;0;1-6,13-16;1-6,13-16;1-6,13-16;1-6,13-16;1-6,13-16;1-16
99962;RV.TAG518;FRUTICULTURA;FERNANDO HIGINO DE LIMA E SILVA;20181.02AGP11V.4V;Tarde;50;4;0;1-6,13-16;1-6,13-16;1-6,13-16;1-6,13-16;1-6,13-16;1-16
99960;RV.TAG519;BOVINOCULTURA;KAREN MARTINS LEãO;20181.02AGP11V.4V;Tarde;50;4;0;1-6,13-16;1-6,13-16;1-6,13-16;1-6,13-16;1-6,13-16;1-16
99963;RV.TAG521;PROJETOS AGROPECUáRIOS;GILBERTO COLODRO;20181.02AGP11V.4V;Tarde;50;2;0;1-6,13-16;1-6,13-16;1-6,13-16;1-6,13-16;1-6,13-16;1-16
104847;GRAD.BC.12;BIOLOGIA CELULAR;GUSTAVO ANTôNIO TEIXEIRA CHAVES;20181.02AGR20I.1;Tarde;40;4;0;1-6,13-16;1-6,13-16;1-6,13-16;1-6,13-16;1-6,13-16;1-16
104848;GRAD.CDI.01;CáLCULO DIFERENCIAL E INTEGRAL I;ALINE GOBBI DUTRA;20181.02AGR20I.1;Tarde;40;5;0;1-6,13-16;1-6,13-16;1-6,13-16;1-6,13-16;1-6,13-16;1-16
104849;GRAD.DT.01;DESENHO TéCNICO;TATIANA DE FREITAS PINAZO;20181.02AGR20I.1;Tarde;40;4;0;1-6,13-16;1-6,13-16;1-6,13-16;1-6,13-16;1-6,13-16;1-16
104850;GRAD.EG.07;ECOLOGIA GERAL;HIPóLITO TADEU FERREIRA DA SILVA;20181.02AGR20I.1;Tarde;40;2;0;1-6,13-16;1-6,13-16;1-6,13-16;1-6,13-16;1-6,13-16;1-16
104851;GRAD.IA.07;INTRODUçãO à AGRONOMIA;EDSON LUIZ SOUCHIE;20181.02AGR20I.1;Tarde;40;2;0;1-6,13-16;1-6,13-16;1-6,13-16;1-6,13-16;1-6,13-16;1-16
104852;GRAD.MC.01;METODOLOGIA CIENTíFICA;RENATA PEREIRA MARQUES;20181.02AGR20I.1;Tarde;40;3;0;1-6,13-16;1-6,13-16;1-6,13-16;1-6,13-16;1-6,13-16;1-16
104853;GRAD.QG.01;QUíMICA GERAL;CASSIA CRISTINA FERNANDES ALVES;20181.02AGR20I.1;Tarde;40;4;0;1-6,13-16;1-6,13-16;1-6,13-16;1-6,13-16;1-6,13-16;1-16
99115;RV.AGR202;FíSICA E CLASSIFICAçãO DO SOLO;EDUARDO DA COSTA SEVERIANO;20181.02AGR20I.3M;Manhã;42;4;0;7-16;7-16;7-16;7-16;7-16;1-16
99118;RV.BIO211;ORGANOGRAFIA E SISTEMáTICA VEGETAL;GISELE CRISTINA DE OLIVEIRA MENINO;20181.02AGR20I.3M;Manhã;51;4;0;7-16;7-16;7-16;7-16;7-16;1-16
99117;RV.BIO337;MICROBIOLOGIA AGRíCOLA;EDSON LUIZ SOUCHIE;20181.02AGR20I.3M;Manhã;59;5;0;7-16;7-16;7-16;7-16;7-16;1-16
99116;RV.ENG213;MECâNICA AGRíCOLA;JOãO CLEBER MODERNEL DA SILVEIRA;20181.02AGR20I.3M;Manhã;53;2;0;7-16;7-16;7-16;7-16;7-16;1-16
99120;RV.ENG227;TOPOGRAFIA - PLANIMETRIA;DAVID VIEIRA LIMA;20181.02AGR20I.3M;Manhã;50;4;0;7-16;7-16;7-16;7-16;7-16;1-16
99114;RV.EXA215;ESTATíSTICA EXPERIMENTAL;ADRIANO JAKELAITIS;20181.02AGR20I.3M;Manhã;50;4;0;7-16;7-16;7-16;7-16;7-16;1-16
99113;RV.QUI214;BIOQUíMICA;GUSTAVO ANTôNIO TEIXEIRA CHAVES;20181.02AGR20I.3M;Manhã;50;3;0;7-16;7-16;7-16;7-16;7-16;1-16
99119;RV.QUI258;QUíMICA ANALíTICA;ANA CAROLINA RIBEIRO AGUIAR;20181.02AGR20I.3M;Manhã;28;4;0;7-16;7-16;7-16;7-16;7-16;1-16
106268;RV.QUI258;QUíMICA ANALíTICA;ANA CAROLINA RIBEIRO AGUIAR;20181.02AGR20I.3M;Manhã;28;3;0;7-16;7-16;7-16;7-16;7-16;1-16
99383;RV.AGR203;FERTILIDADE DO SOLO;JOSé MILTON ALVES;20181.02AGR20I.5;Tarde;50;4;0;1-6,13-16;1-6,13-16;1-6,13-16;1-6,13-16;1-6,13-16;1-16
99385;RV.AGR215;FRUTICULTURA;FERNANDO HIGINO DE LIMA E SILVA;20181.02AGR20I.5;Tarde;50;4;0;1-6,13-16;1-6,13-16;1-6,13-16;1-6,13-16;1-6,13-16;1-16
101736;RV.AGR227;MELHORAMENTO DE PLANTAS;PABLO DIEGO SILVA CABRAL;20181.02AGR20I.5;Tarde;53;2;0;1-6,13-16;1-6,13-16;1-6,13-16;1-6,13-16;1-6,13-16;1-16
102789;RV.AGR244;ADUBOS E ADUBAçãO;CARLOS RIBEIRO RODRIGUES;20181.02AGR20I.5;Tarde;50;2;0;1-6,13-16;1-6,13-16;1-6,13-16;1-6,13-16;1-6,13-16;1-16
99387;RV.BIO213;FISIOLOGIA VEGETAL;PRISCILA FERREIRA BATISTA;20181.02AGR20I.5;Tarde;50;4;0;1-6,13-16;1-6,13-16;1-6,13-16;1-6,13-16;1-6,13-16;1-16
99388;RV.ENG214;MáQUINAS E IMPLEMENTOS AGRíCOLAS;JOãO CLEBER MODERNEL DA SILVEIRA;20181.02AGR20I.5;Tarde;50;4;0;1-6,13-16;1-6,13-16;1-6,13-16;1-6,13-16;1-6,13-16;1-16
99382;RV.ENG219;AGRICULTURA DE PRECISãO;JOSé MILTON ALVES;20181.02AGR20I.5;Tarde;50;2;0;1-6,13-16;1-6,13-16;1-6,13-16;1-6,13-16;1-6,13-16;1-16
99128;RV.AGR204;NUTRIçãO MINERAL DE PLANTAS;CARLOS RIBEIRO RODRIGUES;20181.02AGR20I.5V;Manhã;50;2;0;7-16;7-16;7-16;7-16;7-16;1-16
99126;RV.AGR205;MANEJO E CONSERVAçãO DO SOLO E ÁGUA;EDUARDO DA COSTA SEVERIANO;20181.02AGR20I.5V;Manhã;50;3;0;7-16;7-16;7-16;7-16;7-16;1-16
99123;RV.AGR224;FITOPATOLOGIA I;EDNALVA PATRíCIA DE ANDRADE SILVA;20181.02AGR20I.5V;Manhã;50;4;0;7-16;7-16;7-16;7-16;7-16;1-16
99127;RV.AGR227;MELHORAMENTO DE PLANTAS;PABLO DIEGO SILVA CABRAL;20181.02AGR20I.5V;Manhã;50;3;0;7-16;7-16;7-16;7-16;7-16;1-16
99122;RV.AGR229;ENTOMOLOGIA AGRíCOLA;MáRCIO FERNANDES PEIXOTO,AGNA RITA DOS SANTOS RODRIGUES;20181.02AGR20I.5V;Manhã;50;3;0;7-16;7-16;7-16;7-16;7-16;1-16
99125;RV.ENG206;HIDRáULICA;MARCONI BATISTA TEIXEIRA;20181.02AGR20I.5V;Manhã;50;3;0;7-16;7-16;7-16;7-16;7-16;1-16
99124;RV.GAM203;GEOPROCESSAMENTO;WELLINGTON DONIZETE GUIMARãES;20181.02AGR20I.5V;Manhã;52;3;0;7-16;7-16;7-16;7-16;7-16;1-16
99121;RV.ZOO230;ANATOMIA E FISIOLOGIA ANIMAL;KAREN MARTINS LEãO,KáTIA CYLENE GUIMARãES;20181.02AGR20I.5V;Manhã;50;2;0;7-16;7-16;7-16;7-16;7-16;1-16
99135;RV.AGR216;OLERICULTURA;MáRCIO FERNANDES PEIXOTO,CARLOS RIBEIRO RODRIGUES;20181.02AGR20I.7M;Tarde;50;5;0;1-6,13-16;1-6,13-16;1-6,13-16;1-6,13-16;1-6,13-16;1-16
99136;RV.AGR217;SILVICULTURA;LEANDRO CARLOS;20181.02AGR20I.7M;Tarde;50;4;0;1-6,13-16;1-6,13-16;1-6,13-16;1-6,13-16;1-6,13-16;1-16
99134;RV.AGR219;FORRAGICULTURA E PASTAGENS;KáTIA APARECIDA DE PINHO COSTA;20181.02AGR20I.7M;Tarde;50;4;0;1-6,13-16;1-6,13-16;1-6,13-16;1-6,13-16;1-6,13-16;1-16
99132;RV.AGR237;CULTURAS II (SOJA,FEIJãO,GIRASSOL,ALGODãO);EDNALVA PATRíCIA DE ANDRADE SILVA,MáRCIO FERNANDES PEIXOTO,JOSé MILTON ALVES;20181.02AGR20I.7M;Tarde;50;5;0;1-6,13-16;1-6,13-16;1-6,13-16;1-6,13-16;1-6,13-16;1-16
99129;RV.AGR243;AGROECOLOGIA;JUAREZ MARTINS RODRIGUES;20181.02AGR20I.7M;Tarde;50;2;0;1-6,13-16;1-6,13-16;1-6,13-16;1-6,13-16;1-6,13-16;1-16
99131;RV.BIO258;BIOTECNOLOGIA;LUCIANA CRISTINA VITORINO;20181.02AGR20I.7M;Tarde;50;2;0;1-6,13-16;1-6,13-16;1-6,13-16;1-6,13-16;1-6,13-16;1-16
99133;RV.HUM206;ECONOMIA AGRíCOLA;SILVIA FERREIRA MARQUES SALUSTIANO;20181.02AGR20I.7M;Tarde;50;2;0;1-6,13-16;1-6,13-16;1-6,13-16;1-6,13-16;1-6,13-16;1-16
99130;RV.ZOO234;AVES E SUíNOS;ANA PAULA CARDOSO GOMIDE;20181.02AGR20I.7M;Tarde;50;4;0;1-6,13-16;1-6,13-16;1-6,13-16;1-6,13-16;1-6,13-16;1-16
99142;RV.AGR209;PROTEçãO DE PLANTAS E RECEITUáRIO AGRONôMICO;RAFAEL MARQUES PEREIRA LEAL;20181.02AGR20I.9V;Manhã;50;2;0;7-16;7-16;7-16;7-16;7-16;1-16
99137;RV.AGR222;AVALIAçãO E PERíCIAS;CARLOS RIBEIRO RODRIGUES;20181.02AGR20I.9V;Manhã;50;2;0;7-16;7-16;7-16;7-16;7-16;1-16
99140;RV.AGR230;FISIOLOGIA E MANEJO DE PóS-COLHEITA;PRISCILA FERREIRA BATISTA;20181.02AGR20I.9V;Manhã;50;3;0;7-16;7-16;7-16;7-16;7-16;1-16
99141;RV.AGR239;PARQUES E JARDINS;LEANDRO CARLOS;20181.02AGR20I.9V;Manhã;50;4;0;7-16;7-16;7-16;7-16;7-16;1-16
99139;RV.HUM203;ÉTICA PROFISSIONAL;CARLOS RIBEIRO RODRIGUES;20181.02AGR20I.9V;Manhã;50;2;0;7-16;7-16;7-16;7-16;7-16;1-16
99143;RV.HUM205;SOCIOLOGIA E EXTENSãO RURAL;JESIEL SOUZA SILVA;20181.02AGR20I.9V;Manhã;50;3;0;7-16;7-16;7-16;7-16;7-16;1-16
99138;RV.HUM215;ELABORAçãO E GESTãO DE PROJETOS;JOSé MILTON ALVES;20181.02AGR20I.9V;Manhã;50;3;0;7-16;7-16;7-16;7-16;7-16;1-16
104712;RV.EXA722;MATEMáTICA APLICADA;IDALCI CRUVINEL DOS REIS;20181.02ALI11N.1N;Noite;55;4;0;1-12;1-12;1-12;1-12;1-12;0
104715;RV.QAP428;QUíMICA APLICADA;PAULO SéRGIO PEREIRA;20181.02ALI11N.1N;Noite;55;4;0;1-12;1-12;1-12;1-12;1-12;0
104716;RV.TAL06;SEGURANçA E BIOSSEGURANçA;KAREN CARVALHO FERREIRA;20181.02ALI11N.1N;Noite;55;2;0;1-12;1-12;1-12;1-12;1-12;0
104717;RV.TAL07;TECNOLOGIA DE OVOS E MEL;PRISCILA ALONSO DOS SANTOS;20181.02ALI11N.1N;Noite;55;2;0;1-12;1-12;1-12;1-12;1-12;0
104711;RV.TAL08;ÉTICA E RELAçõES NO TRABALHO;LISMAíRA GONçALVES CAIXETA GARCIA;20181.02ALI11N.1N;Noite;55;2;0;1-12;1-12;1-12;1-12;1-12;0
104713;RV.TAL09;PORTUGUêS TéCNICO;SANDRA MARA SANTOS LEMOS;20181.02ALI11N.1N;Noite;55;2;0;1-12;1-12;1-12;1-12;1-12;0
104714;RV.TAL81;PRINCíPIOS DE QUíMICA E BIOQUíMICA DOS ALIMENTOS;LISMAíRA GONçALVES CAIXETA GARCIA;20181.02ALI11N.1N;Noite;55;4;0;1-12;1-12;1-12;1-12;1-12;0
99965;RV.ADM824;EMPREENDEDORISMO;LUCIENE DE OLIVEIRA GUERRA;20181.02ALI11N.2N;Noite;50;2;0;1-12;1-12;1-12;1-12;1-12;0
99966;RV.EXA809;ESTATíSTICA BáSICA;DANILO PEREIRA BARBOSA;20181.02ALI11N.2N;Noite;50;3;0;1-12;1-12;1-12;1-12;1-12;0
99969;RV.TAL01;TECNOLOGIA DE ÓLEOS E GORDURAS;GEOVANA ROCHA PLáCIDO;20181.02ALI11N.2N;Noite;50;3;0;1-12;1-12;1-12;1-12;1-12;0
99967;RV.TAL712;MICROBIOLOGIA DE ALIMENTOS;KAREN CARVALHO FERREIRA;20181.02ALI11N.2N;Noite;50;4;0;1-12;1-12;1-12;1-12;1-12;0
99968;RV.TAL716;TECNOLOGIA DE BEBIDAS;LISMAíRA GONçALVES CAIXETA GARCIA;20181.02ALI11N.2N;Noite;50;2;0;1-12;1-12;1-12;1-12;1-12;0
99964;RVTAL.82;ANáLISE DE ALIMENTOS;ANDRé LUIZ BORGES MACHADO;20181.02ALI11N.2N;Noite;50;3;0;1-12;1-12;1-12;1-12;1-12;0
99970;RV.TAL87;ANáLISE SENSORIAL;MARIANA BURANELO EGEA;20181.02ALI11N.3N;Noite;50;3;0;1-12;1-12;1-12;1-12;1-12;0
99973;TALIM-RV.16;TECNOLOGIA DE LEITE E DERIVADOS;LISMAíRA GONçALVES CAIXETA GARCIA;20181.02ALI11N.3N;Noite;50;4;0;1-12;1-12;1-12;1-12;1-12;0
99972;TALIM-RV.17;TECNOLOGIA DE FRUTAS E HORTALIçAS;LISMAíRA GONçALVES CAIXETA GARCIA;20181.02ALI11N.3N;Noite;50;4;0;1-12;1-12;1-12;1-12;1-12;0
99971;TALIM-RV.18;TECNOLOGIA DE CARNES E PESCADO;MELISSA CáSSIA FAVARO BOLDRIN FREIRE;20181.02ALI11N.3N;Noite;50;4;0;1-12;1-12;1-12;1-12;1-12;0
99976;RV.HUM818;ÉTICA E RELAçõES NO TRABALHO;LISMAíRA GONçALVES CAIXETA GARCIA;20181.02ALI11N.4N;Noite;50;2;0;1-12;1-12;1-12;1-12;1-12;0
99978;RV.TAL713;TECNOLOGIA DE OVOS E MEL;PRISCILA ALONSO DOS SANTOS;20181.02ALI11N.4N;Noite;50;2;0;1-12;1-12;1-12;1-12;1-12;0
99975;RV.TAL715;EMBALAGENS E ADITIVOS;MAYRA CONCEIçãO PEIXOTO MARTINS LIMA;20181.02ALI11N.4N;Noite;50;2;0;1-12;1-12;1-12;1-12;1-12;0
99974;RV.TAL717;CONTROLE DE QUALIDADE;LETíCIA FLEURY VIANA;20181.02ALI11N.4N;Noite;50;3;0;1-12;1-12;1-12;1-12;1-12;0
99977;RV.TAL89;TECNOLOGIA DE CEREAIS E PANIFICAçãO;MAYRA CONCEIçãO PEIXOTO MARTINS LIMA;20181.02ALI11N.4N;Noite;50;4;0;1-12;1-12;1-12;1-12;1-12;0
99979;RV.TAL90;TRATAMENTO DE RESíDUOS E EFLUENTES DA INDúSTRIA DE ALIMENTOS;KAREN CARVALHO FERREIRA;20181.02ALI11N.4N;Noite;50;2;0;1-12;1-12;1-12;1-12;1-12;0
104612;GRAD.BC.02;BIOLOGIA CELULAR;FRANCISCO JOSE RIVERA PINEDO;20181.02ALI20I.1V;Tarde;52;4;0;1-6,13-16;1-6,13-16;1-6,13-16;1-6,13-16;1-6,13-16;1-16
104613;GRAD.CDI.03;CáLCULO DIFERENCIAL E INTEGRAL I;CRISTIANE ALVARENGA GAJO;20181.02ALI20I.1V;Tarde;71;5;0;1-6,13-16;1-6,13-16;1-6,13-16;1-6,13-16;1-6,13-16;1-16
104614;GRAD.FMB.01;FíSICA - MECâNICA BáSICA;TIAGO CLARIMUNDO RAMOS;20181.02ALI20I.1V;Tarde;60;3;0;1-6,13-16;1-6,13-16;1-6,13-16;1-6,13-16;1-6,13-16;1-16
104615;GRAD.GAAL.01;GEOMETRIA ANALíTICA E ÁLGEBRA LINEAR;DANILO PEREIRA BARBOSA;20181.02ALI20I.1V;Tarde;51;4;0;1-6,13-16;1-6,13-16;1-6,13-16;1-6,13-16;1-6,13-16;1-16
104616;GRAD.IEA.01;INTRODUçãO à ENGENHARIA DE ALIMENTOS;MELISSA CáSSIA FAVARO BOLDRIN FREIRE;20181.02ALI20I.1V;Tarde;52;2;0;1-6,13-16;1-6,13-16;1-6,13-16;1-6,13-16;1-6,13-16;1-16
104617;GRAD.MC.02;METODOLOGIA CIENTíFICA;ALINE DITOMASO;20181.02ALI20I.1V;Tarde;50;3;0;1-6,13-16;1-6,13-16;1-6,13-16;1-6,13-16;1-6,13-16;1-16
104618;GRAD.QGA.01;QUíMICA GERAL E ANALíTICA;CASSIA CRISTINA FERNANDES ALVES;20181.02ALI20I.1V;Tarde;58;4;0;1-6,13-16;1-6,13-16;1-6,13-16;1-6,13-16;1-6,13-16;1-16
99242;RV.EAL207;INTRODUçãO àS OPERAçõES PARA ENGENHARIA;ROGéRIO FAVARETO;20181.02ALI20I.3M;Manhã;50;4;0;7-16;7-16;7-16;7-16;7-16;1-16
99243;RV.EXA204;SéRIES E EQUAçõES DIFERENCIAIS E ORDINáRIAS;CAIKE DA ROCHA DAMKE;20181.02ALI20I.3M;Manhã;50;4;0;7-16;7-16;7-16;7-16;7-16;1-16
99240;RV.EXA212;FíSICA - ELETRICIDADE E ELETROMAGNETISMO;TIAGO CLARIMUNDO RAMOS;20181.02ALI20I.3M;Manhã;50;4;0;7-16;7-16;7-16;7-16;7-16;1-16
99239;RV.EXA215;ESTATíSTICA EXPERIMENTAL;ADRIANO JAKELAITIS;20181.02ALI20I.3M;Manhã;50;4;0;7-16;7-16;7-16;7-16;7-16;1-16
99237;RV.HUM210;ADMINISTRAçãO INDUSTRIAL;RAFAEL PAZETO ALVARENGA;20181.02ALI20I.3M;Manhã;50;2;0;7-16;7-16;7-16;7-16;7-16;1-16
99238;RV.QUI215;BIOQUíMICA BáSICA;PRISCILA FERREIRA BATISTA;20181.02ALI20I.3M;Manhã;50;4;0;7-16;7-16;7-16;7-16;7-16;1-16
99241;RV.QUI216;FíSICO-QUíMICA I;JOAO CARLOS PERBONE DE SOUZA;20181.02ALI20I.3M;Manhã;50;4;0;7-16;7-16;7-16;7-16;7-16;1-16
99249;RV.BIO209;MICROBIOLOGIA DE ALIMENTOS;LISMAíRA GONçALVES CAIXETA GARCIA;20181.02ALI20I.5V;Tarde;50;3;0;1-6,13-16;1-6,13-16;1-6,13-16;1-6,13-16;1-6,13-16;1-16
99246;RV.EAL204;FENôMENOS DE TRANSPORTE II;ROGéRIO FAVARETO;20181.02ALI20I.5V;Tarde;50;4;0;1-6,13-16;1-6,13-16;1-6,13-16;1-6,13-16;1-6,13-16;1-16
99251;RV.EAL206;TERMODINâMICA;GIACOMO BIZINOTO FERREIRA BOSCO;20181.02ALI20I.5V;Tarde;50;4;0;1-6,13-16;1-6,13-16;1-6,13-16;1-6,13-16;1-6,13-16;1-16
99244;RV.EAL211;ANáLISE DE ALIMENTOS;PRISCILA ALONSO DOS SANTOS;20181.02ALI20I.5V;Tarde;50;3;0;1-6,13-16;1-6,13-16;1-6,13-16;1-6,13-16;1-6,13-16;1-16
99250;RV.EAL212;NUTRIçãO BáSICA;MELISSA CáSSIA FAVARO BOLDRIN FREIRE;20181.02ALI20I.5V;Tarde;50;2;0;1-6,13-16;1-6,13-16;1-6,13-16;1-6,13-16;1-6,13-16;1-16
99248;RV.ENG210;MECâNICA DOS SóLIDOS;MáRCIO DA SILVA VILELA;20181.02ALI20I.5V;Tarde;50;2;0;1-6,13-16;1-6,13-16;1-6,13-16;1-6,13-16;1-6,13-16;1-16
99245;RV.ENG212;ELETRICIDADE E ELETROTéCNICA;MáRCIO DA SILVA VILELA;20181.02ALI20I.5V;Tarde;50;3;0;1-6,13-16;1-6,13-16;1-6,13-16;1-6,13-16;1-6,13-16;1-16
99247;RV.HUM208;INTRODUçãO à ECONOMIA;SILVIA FERREIRA MARQUES SALUSTIANO;20181.02ALI20I.5V;Tarde;50;2;0;1-6,13-16;1-6,13-16;1-6,13-16;1-6,13-16;1-6,13-16;1-16
99254;RV.EAL215;REFRIGERAçãO NA INDúSTRIA DE ALIMENTOS;ROGéRIO FAVARETO;20181.02ALI20I.7M;Manhã;50;4;0;7-16;7-16;7-16;7-16;7-16;1-16
99255;RV.EAL216;TECNOLOGIA DE CARNES,PESCADOS E DERIVADOS;MELISSA CáSSIA FAVARO BOLDRIN FREIRE;20181.02ALI20I.7M;Manhã;50;4;0;7-16;7-16;7-16;7-16;7-16;1-16
99256;RV.EAL217;TECNOLOGIA DE CEREAIS,AMIDOS E DERIVADOS;MAYRA CONCEIçãO PEIXOTO MARTINS LIMA;20181.02ALI20I.7M;Manhã;50;5;0;7-16;7-16;7-16;7-16;7-16;1-16
99252;RV.EAL220;OPERAçõES UNITáRIAS I;ANDRé LUIZ BORGES MACHADO;20181.02ALI20I.7M;Manhã;50;5;0;7-16;7-16;7-16;7-16;7-16;1-16
99253;RV.GAM218;PLANEJAMENTO TERRITORIAL URBANO E RURAL;JESIEL SOUZA SILVA;20181.02ALI20I.7M;Manhã;50;3;0;7-16;7-16;7-16;7-16;7-16;1-16
99258;RV.EAL210;CONTROLE E GESTãO DA QUALIDADE;LETíCIA FLEURY VIANA;20181.02ALI20I.9V;Tarde;50;2;0;1-6,13-16;1-6,13-16;1-6,13-16;1-6,13-16;1-6,13-16;1-16
99257;RV.EAL223;ACONDICIONAMENTO E EMBALAGEM DE ALIMENTOS;MAYRA CONCEIçãO PEIXOTO MARTINS LIMA;20181.02ALI20I.9V;Tarde;50;3;0;1-6,13-16;1-6,13-16;1-6,13-16;1-6,13-16;1-6,13-16;1-16
99263;RV.EAL224;TRATAMENTO DE REJEITOS INDUSTRIAIS;POLYANNA RIBEIRO TRINDADE;20181.02ALI20I.9V;Tarde;50;3;0;1-6,13-16;1-6,13-16;1-6,13-16;1-6,13-16;1-6,13-16;1-16
99262;RV.EAL225;TECNOLOGIA ÓLEOS,GORDURAS E SUBPRODUTOS;GEOVANA ROCHA PLáCIDO;20181.02ALI20I.9V;Tarde;50;4;0;1-6,13-16;1-6,13-16;1-6,13-16;1-6,13-16;1-6,13-16;1-16
99259;RV.EAL226;DESENVOLVIMENTO DE NOVOS PRODUTOS;MELISSA CáSSIA FAVARO BOLDRIN FREIRE;20181.02ALI20I.9V;Tarde;50;2;0;1-6,13-16;1-6,13-16;1-6,13-16;1-6,13-16;1-6,13-16;1-16
99261;RV.EAL227;PROJETOS INDUSTRIAIS;LETíCIA FLEURY VIANA;20181.02ALI20I.9V;Tarde;50;4;0;1-6,13-16;1-6,13-16;1-6,13-16;1-6,13-16;1-6,13-16;1-16
99260;RV.HUM203;ÉTICA PROFISSIONAL;GEOVANA ROCHA PLáCIDO;20181.02ALI20I.9V;Tarde;50;2;0;1-6,13-16;1-6,13-16;1-6,13-16;1-6,13-16;1-6,13-16;1-16
104681;GRAD.BC.02;BIOLOGIA CELULAR;SEBASTIãO CARVALHO VASCONCELOS FILHO;20181.02BIO22N.1N;Noite;51;4;0;1-12;1-12;1-12;1-12;1-12;0
104683;GRAD.FC.02;FUNDAMENTOS DE CáLCULO;PAULO HENRIQUE RODRIGUES GONçALVES;20181.02BIO22N.1N;Noite;48;4;0;1-12;1-12;1-12;1-12;1-12;0
104682;GRAD.FF.02;FUNDAMENTOS DA FíSICA;GUSTAVO QUEREZA DE FREITAS;20181.02BIO22N.1N;Noite;47;2;0;1-12;1-12;1-12;1-12;1-12;0
104684;GRAD.FFE.01;FUNDAMENTOS FILOSóFICOS DA EDUCAçãO;PATRICIA GOUVEA NUNES;20181.02BIO22N.1N;Noite;49;3;0;1-12;1-12;1-12;1-12;1-12;0
104685;GRAD.MC.02;METODOLOGIA CIENTíFICA;ALINE DITOMASO;20181.02BIO22N.1N;Noite;46;2;0;1-12;1-12;1-12;1-12;1-12;0
104686;GRAD.QGA.01;QUíMICA GERAL E ANALíTICA;INDI ASSIS RODRIGUES;20181.02BIO22N.1N;Noite;26;3;0;1-12;1-12;1-12;1-12;1-12;0
104730;GRAD.QGA.01;QUíMICA GERAL E ANALíTICA;INDI ASSIS RODRIGUES;20181.02BIO22N.1N;Noite;25;2;0;1-12;1-12;1-12;1-12;1-12;0
99266;RV.BIO345;EMBRIOLOGIA;JANIO CORDEIRO MOREIRA;20181.02BIO22N.3N;Noite;50;4;0;1-12;1-12;1-12;1-12;1-12;0
99268;RV.BIO346;ZOOLOGIA DOS INVERTEBRADOS II;LIA RAQUEL DE SOUZA SANTOS;20181.02BIO22N.3N;Noite;50;5;0;1-12;1-12;1-12;1-12;1-12;0
99267;RV.EDU214;PSICOLOGIA DO DESENVOLVIMENTO;LUIZA FERREIRA REZENDE DE MEDEIROS;20181.02BIO22N.3N;Noite;50;2;0;1-12;1-12;1-12;1-12;1-12;0
99264;RV.EXA220;BIOESTATíSTICA;FREDERICO ANTONIO LOUREIRO SOARES;20181.02BIO22N.3N;Noite;50;4;0;1-12;1-12;1-12;1-12;1-12;0
99265;RV.QUI255;BIOQUíMICA BáSICA;FáBIO HENRIQUE DYSZY;20181.02BIO22N.3N;Noite;50;5;0;1-12;1-12;1-12;1-12;1-12;0
99269;RV.BIO315;ECOLOGIA DE POPULAçõES E COMUNIDADE;ALESSANDRO RIBEIRO DE MORAIS,FáBIO MARTINS VILAR DE CARVALHO;20181.02BIO22N.5N;Noite;50;3;0;1-12;1-12;1-12;1-12;1-12;0
99271;RV.BIO340;MORFOLOGIA E ORGANOGRAFIA VEGETAL;GISELE CRISTINA DE OLIVEIRA MENINO;20181.02BIO22N.5N;Noite;50;2;0;1-12;1-12;1-12;1-12;1-12;0
99274;RV.BIO350;ZOOLOGIA DOS VERTEBRADOS;FáBIO MARTINS VILAR DE CARVALHO;20181.02BIO22N.5N;Noite;50;6;0;1-12;1-12;1-12;1-12;1-12;0
99270;RV.BIO351;GENéTICA;MARIANA COSTA MELLO GONçALVES;20181.02BIO22N.5N;Noite;50;5;0;1-12;1-12;1-12;1-12;1-12;0
99273;RV.EDU205;PSICOLOGIA DA APRENDIZAGEM;ROSENILDE NOGUEIRA PANIAGO;20181.02BIO22N.5N;Noite;50;2;0;1-12;1-12;1-12;1-12;1-12;0
99272;RV.EDU215;PRáTICA DE ENSINO I;ROSENILDE NOGUEIRA PANIAGO;20181.02BIO22N.5N;Noite;50;2;0;1-12;1-12;1-12;1-12;1-12;0
99276;RV.BIO356;EVOLUçãO;FáBIO MARTINS VILAR DE CARVALHO;20181.02BIO22N.7N;Noite;50;4;0;1-12;1-12;1-12;1-12;1-12;0
99277;RV.EDU208;LIBRAS;PATRICIA GOUVEA NUNES;20181.02BIO22N.7N;Noite;50;2;0;1-12;1-12;1-12;1-12;1-12;0
99278;RV.EDU216;PRáTICA DE ENSINO II;ROSENILDE NOGUEIRA PANIAGO;20181.02BIO22N.7N;Noite;50;2;0;1-12;1-12;1-12;1-12;1-12;0
99275;RV.HUM223;EDUCAçãO E CULTURA ÉTINICO-RACIAL BRASILEIRA;PATRICIA GOUVEA NUNES;20181.02BIO22N.7N;Noite;50;2;0;1-12;1-12;1-12;1-12;1-12;0
104626;GRAD.BC.02;BIOLOGIA CELULAR;SEBASTIãO CARVALHO VASCONCELOS FILHO;20181.02BIO23I.1V;Tarde;53;5;0;1-6,13-16;1-6,13-16;1-6,13-16;1-6,13-16;1-6,13-16;1-16
104628;GRAD.FC.02;FUNDAMENTOS DE CáLCULO;PAULO HENRIQUE RODRIGUES GONçALVES;20181.02BIO23I.1V;Tarde;52;4;0;1-6,13-16;1-6,13-16;1-6,13-16;1-6,13-16;1-6,13-16;1-16
104627;GRAD.FC.03;FILOSOFIA DA CIêNCIA;THOMAZ JOEZER HERLER;20181.02BIO23I.1V;Tarde;52;2;0;1-6,13-16;1-6,13-16;1-6,13-16;1-6,13-16;1-6,13-16;1-16
104629;GRAD.FF.01;FUNDAMENTOS DE FíSICA;SALMON LANDI JUNIOR;20181.02BIO23I.1V;Tarde;57;2;0;1-6,13-16;1-6,13-16;1-6,13-16;1-6,13-16;1-6,13-16;1-16
104630;GRAD.ICB.01;INTRODUçãO àS CIêNCIAS BIOLóGICAS;GISELE CRISTINA DE OLIVEIRA MENINO;20181.02BIO23I.1V;Tarde;54;2;0;1-6,13-16;1-6,13-16;1-6,13-16;1-6,13-16;1-6,13-16;1-16
104631;GRAD.MC.02;METODOLOGIA CIENTíFICA;RENATA PEREIRA MARQUES;20181.02BIO23I.1V;Tarde;48;3;0;1-6,13-16;1-6,13-16;1-6,13-16;1-6,13-16;1-6,13-16;1-16
104632;GRAD.QGA.01;QUíMICA GERAL E ANALíTICA;IGOR CARDOSO PESCARA;20181.02BIO23I.1V;Tarde;53;5;0;1-6,13-16;1-6,13-16;1-6,13-16;1-6,13-16;1-6,13-16;1-16
104633;GRAD.RC.03;REDAçãO CIENTíFICA;JULIANA DE FáTIMA SALES;20181.02BIO23I.1V;Tarde;54;2;0;1-6,13-16;1-6,13-16;1-6,13-16;1-6,13-16;1-6,13-16;1-16
99144;RV.BIO210;ANATOMIA VEGETAL;SEBASTIãO CARVALHO VASCONCELOS FILHO;20181.02BIO23I.3M;Manhã;50;4;0;7-16;7-16;7-16;7-16;7-16;1-16
99147;RV.BIO223;EMBRIOLOGIA;JANIO CORDEIRO MOREIRA;20181.02BIO23I.3M;Manhã;50;4;0;7-16;7-16;7-16;7-16;7-16;1-16
99148;RV.BIO254;GENéTICA II;PABLO DIEGO SILVA CABRAL;20181.02BIO23I.3M;Manhã;50;4;0;7-16;7-16;7-16;7-16;7-16;1-16
99149;RV.BIO340;MORFOLOGIA E ORGANOGRAFIA VEGETAL;GISELE CRISTINA DE OLIVEIRA MENINO;20181.02BIO23I.3M;Manhã;50;2;0;7-16;7-16;7-16;7-16;7-16;1-16
99146;RV.GAM228;EDUCAçãO AMBIENTAL;JUAREZ MARTINS RODRIGUES;20181.02BIO23I.3M;Manhã;57;4;0;7-16;7-16;7-16;7-16;7-16;1-16
99145;RV.QUI215;BIOQUíMICA BáSICA;FáBIO HENRIQUE DYSZY;20181.02BIO23I.3M;Manhã;50;4;0;7-16;7-16;7-16;7-16;7-16;1-16
99150;SCBIOL-RV.6;ZOOLOGIA DOS INVERTEBRADOS II;LIA RAQUEL DE SOUZA SANTOS;20181.02BIO23I.3M;Manhã;50;5;0;7-16;7-16;7-16;7-16;7-16;1-16
99154;RV.BIO205;MICROBIOLOGIA GERAL;LUCIANA CRISTINA VITORINO;20181.02BIO23I.5V;Tarde;50;2;0;1-6,13-16;1-6,13-16;1-6,13-16;1-6,13-16;1-6,13-16;1-16
99156;RV.BIO241;SISTEMáTICA VEGETAL;GISELE CRISTINA DE OLIVEIRA MENINO;20181.02BIO23I.5V;Tarde;50;3;0;1-6,13-16;1-6,13-16;1-6,13-16;1-6,13-16;1-6,13-16;1-16
99153;RV.BIO249;EVOLUçãO;FáBIO MARTINS VILAR DE CARVALHO;20181.02BIO23I.5V;Tarde;50;3;0;1-6,13-16;1-6,13-16;1-6,13-16;1-6,13-16;1-6,13-16;1-16
99155;RV.BIO318;PARASITOLOGIA;JANIO CORDEIRO MOREIRA;20181.02BIO23I.5V;Tarde;50;2;0;1-6,13-16;1-6,13-16;1-6,13-16;1-6,13-16;1-6,13-16;1-16
99151;RV.BIO321;COMPORTAMENTO ANIMAL;ALESSANDRO RIBEIRO DE MORAIS;20181.02BIO23I.5V;Tarde;50;2;0;1-6,13-16;1-6,13-16;1-6,13-16;1-6,13-16;1-6,13-16;1-16
99527;RV.BIO369;ZOOLOGIA DOS VERTEBRADOS II;FáBIO MARTINS VILAR DE CARVALHO;20181.02BIO23I.5V;Tarde;50;3;0;1-6,13-16;1-6,13-16;1-6,13-16;1-6,13-16;1-6,13-16;1-16
99526;RV.BIO378;PRODUçãO E CARACTERIZAçãO DE PROTEíNAS HETERóLOGAS;FáBIO HENRIQUE DYSZY,MARIANA COSTA MELLO GONçALVES;20181.02BIO23I.5V;Tarde;50;2;0;1-6,13-16;1-6,13-16;1-6,13-16;1-6,13-16;1-6,13-16;1-16
99152;RV.GAM222;ESTUDO DE IMPACTOS AMBIENTAIS;LEANDRO CARLOS;20181.02BIO23I.5V;Tarde;50;3;0;1-6,13-16;1-6,13-16;1-6,13-16;1-6,13-16;1-6,13-16;1-16
104718;CTBIOTRV.1;BIOLOGIA CELULAR;SEBASTIãO CARVALHO VASCONCELOS FILHO;20181.02BTC11N.1N;Noite;55;4;0;1-12;1-12;1-12;1-12;1-12;0
104722;CTBIOTRV.19;INTRODUçãO à BIOTECNOLOGIA;AGNA RITA DOS SANTOS RODRIGUES;20181.02BTC11N.1N;Noite;55;2;0;1-12;1-12;1-12;1-12;1-12;0
104719;CTBIOTRV.20;BIOSSEGURANçA;KAREN CARVALHO FERREIRA;20181.02BTC11N.1N;Noite;55;3;0;1-12;1-12;1-12;1-12;1-12;0
104723;CTBIOTRV.3;QUíMICA GERAL E ANALíTICA;INDI ASSIS RODRIGUES;20181.02BTC11N.1N;Noite;55;4;0;1-12;1-12;1-12;1-12;1-12;0
104721;CTBIOTRV.5;INSTRUMENTAçãO,CONTROLE E ASSEPSIA DE BIOPROCESSOS;INDI ASSIS RODRIGUES;20181.02BTC11N.1N;Noite;55;4;0;1-12;1-12;1-12;1-12;1-12;0
104720;RV.EXA810;ESTATíSTICA BáSICA;DANILO PEREIRA BARBOSA;20181.02BTC11N.1N;Noite;55;3;0;1-12;1-12;1-12;1-12;1-12;0
99980;CTBIOTRV.6;BIOQUíMICA APLICADA;AGNA RITA DOS SANTOS RODRIGUES;20181.02BTC11N.2N;Noite;50;3;0;1-12;1-12;1-12;1-12;1-12;0
99985;CTBIOTRV.7;PARASITOLOGIA;JANIO CORDEIRO MOREIRA;20181.02BTC11N.2N;Noite;50;2;0;1-12;1-12;1-12;1-12;1-12;0
99981;CTBIOTRV.8;GENéTICA;MARIANA COSTA MELLO GONçALVES;20181.02BTC11N.2N;Noite;50;2;0;1-12;1-12;1-12;1-12;1-12;0
99982;CTBIOTRV.9;IMUNOLOGIA;MARIANA COSTA MELLO GONçALVES;20181.02BTC11N.2N;Noite;50;2;0;1-12;1-12;1-12;1-12;1-12;0
99983;RV.TAL607;MICROBIOLOGIA GERAL;LUCIANA CRISTINA VITORINO;20181.02BTC11N.2N;Noite;50;3;0;1-12;1-12;1-12;1-12;1-12;0
99984;RV.TAL727;OPERAçõES UNITáRIAS;ANDRé LUIZ BORGES MACHADO;20181.02BTC11N.2N;Noite;50;3;0;1-12;1-12;1-12;1-12;1-12;0
99989;CTBIOTRV.10;MICROBIOLOGIA APLICADA;LUCIANA CRISTINA VITORINO;20181.02BTC11N.3N;Noite;50;3;0;1-12;1-12;1-12;1-12;1-12;0
99986;CTBIOTRV.11;BIOéTICA;FáBIO HENRIQUE DYSZY;20181.02BTC11N.3N;Noite;50;2;0;1-12;1-12;1-12;1-12;1-12;0
99988;CTBIOTRV.12;HISTOLOGIA E FISIOLOGIA ANIMAL;JANIO CORDEIRO MOREIRA;20181.02BTC11N.3N;Noite;50;4;0;1-12;1-12;1-12;1-12;1-12;0
99990;CTBIOTRV.13;TECNOLOGIA GENéTICA E IMUNOLóGICA;MARIANA COSTA MELLO GONçALVES;20181.02BTC11N.3N;Noite;50;3;0;1-12;1-12;1-12;1-12;1-12;0
99987;CTBIOTRV.18;FISIOLOGIA VEGETAL;PRISCILA FERREIRA BATISTA;20181.02BTC11N.3N;Noite;50;3;0;1-12;1-12;1-12;1-12;1-12;0
99995;CTBIOTRV.14;TECNOLOGIA ENZIMáTICA E DE PROCESSOS FERMENTATIVOS INDUSTRIAIS;KAREN CARVALHO FERREIRA;20181.02BTC11N.4N;Noite;50;3;0;1-12;1-12;1-12;1-12;1-12;0
99994;CTBIOTRV.15;TECNOLOGIA DE CULTIVO DE CéLULAS E TECIDOS VEGETAIS;AURELIO RUBIO NETO,PRISCILA JANE ROMANO GONçALVES SELARI;20181.02BTC11N.4N;Noite;50;3;0;1-12;1-12;1-12;1-12;1-12;0
99991;CTBIOTRV.16;BIOCOMBUSTíVEIS: FUNDAMENTOS E TECNOLOGIA DE PRODUçãO;CARLOS FREDERICO DE SOUZA CASTRO;20181.02BTC11N.4N;Noite;50;3;0;1-12;1-12;1-12;1-12;1-12;0
99993;CTBIOTRV.17;PROCESSOS BIOTECNOLóGICOS APLICADOS A INDúSTRIA DE ALIMENTOS E BEBIDAS;ANDRé LUIZ BORGES MACHADO;20181.02BTC11N.4N;Noite;50;3;0;1-12;1-12;1-12;1-12;1-12;0
99992;RV.AGR424;BIOTECNOLOGIA AMBIENTAL;FRANCISCO JOSE RIVERA PINEDO;20181.02BTC11N.4N;Noite;50;3;0;1-12;1-12;1-12;1-12;1-12;0
104823;GRAD.AC.01;ANáLISE COMBINATóRIA;DANILO PEREIRA BARBOSA;20181.02CDC20I.1;Tarde;52;4;0;1-6,13-16;1-6,13-16;1-6,13-16;1-6,13-16;1-6,13-16;1-16
104837;GRAD.APC.01;ALGORITMOS E PROGRAMAçãO DE COMPUTADORES;ANDRé DA CUNHA RIBEIRO;20181.02CDC20I.1;Tarde;26;5;0;1-6,13-16;1-6,13-16;1-6,13-16;1-6,13-16;1-6,13-16;1-16
104822;GRAD.APC.01;ALGORITMOS E PROGRAMAçãO DE COMPUTADORES;ANDRé DA CUNHA RIBEIRO;20181.02CDC20I.1;Tarde;28;5;0;1-6,13-16;1-6,13-16;1-6,13-16;1-6,13-16;1-6,13-16;1-16
104824;GRAD.FC.01;FíSICA PARA COMPUTAçãO;JOAO AREIS FERREIRA BARBOSA JUNIOR;20181.02CDC20I.1;Tarde;52;5;0;1-6,13-16;1-6,13-16;1-6,13-16;1-6,13-16;1-6,13-16;1-16
104825;GRAD.FUNDSIST.01;FUNDAMENTOS DE SISTEMAS;FERNANDO HENRIQUE DA SILVA;20181.02CDC20I.1;Tarde;52;4;0;1-6,13-16;1-6,13-16;1-6,13-16;1-6,13-16;1-6,13-16;1-16
104826;GRAD.LM.01;LóGICA MATEMáTICA;ALINE GOBBI DUTRA;20181.02CDC20I.1;Tarde;55;5;0;1-6,13-16;1-6,13-16;1-6,13-16;1-6,13-16;1-6,13-16;1-16
99505;RV.BCC007;SISTEMAS DIGITAIS;MáRCIO DA SILVA VILELA;20181.02CDC20I.3;Manhã;50;4;0;7-16;7-16;7-16;7-16;7-16;1-16
102788;RV.EXA202;CáLCULO DIFERENCIAL E INTEGRAL I;KELEN HELENA DE OLIVEIRA;20181.02CDC20I.3;Manhã;50;4;0;7-16;7-16;7-16;7-16;7-16;1-16
99159;RV.BCC010;ESTRUTURA DE DADOS I;LEONEL DIóGENES CARVALHAES ALVARENGA;20181.02CDC20I.3M;Manhã;50;6;0;7-16;7-16;7-16;7-16;7-16;1-16
99162;RV.BCC011;PROGRAMAçãO ORIENTADA A OBJETOS;MARLUS DIAS SILVA;20181.02CDC20I.3M;Manhã;50;5;0;7-16;7-16;7-16;7-16;7-16;1-16
99160;RV.BCC012;LEGISLAçãO E ÉTICA NA COMPUTAçãO;RICARDO CASTRO MARQUES;20181.02CDC20I.3M;Manhã;50;4;0;7-16;7-16;7-16;7-16;7-16;1-16
99157;RV.BCC013;ARQUITETURA DE COMPUTADORES;RAFAEL CARVALHO MENDONçA;20181.02CDC20I.3M;Manhã;50;4;0;7-16;7-16;7-16;7-16;7-16;1-16
99161;RV.BCCP11;PRáTICA DE LABORATóRIO DE PESQUISA (AMBIENTAçãO);ANDRé DA CUNHA RIBEIRO;20181.02CDC20I.3M;Manhã;50;5;0;7-16;7-16;7-16;7-16;7-16;1-16
99158;RV.EXA214;ESTATíSTICA BáSICA;IDALCI CRUVINEL DOS REIS;20181.02CDC20I.3M;Manhã;54;4;0;7-16;7-16;7-16;7-16;7-16;1-16
99165;RV.BCC017;LINGUAGENS FORMAIS E AUTôMATOS;FERNANDO HENRIQUE DA SILVA;20181.02CDC20I.5V;Tarde;50;4;0;1-6,13-16;1-6,13-16;1-6,13-16;1-6,13-16;1-6,13-16;1-16
99164;RV.BCC020;ENGENHARIA DE SOFTWARE;RICARDO CASTRO MARQUES;20181.02CDC20I.5V;Tarde;50;5;0;1-6,13-16;1-6,13-16;1-6,13-16;1-6,13-16;1-6,13-16;1-16
99167;RV.BCC025;REDES DE COMPUTADORES II;RAFAEL CARVALHO MENDONçA;20181.02CDC20I.5V;Tarde;50;5;0;1-6,13-16;1-6,13-16;1-6,13-16;1-6,13-16;1-6,13-16;1-16
99168;RV.BCC033;TEORIA DOS GRAFOS;ANDRé DA CUNHA RIBEIRO;20181.02CDC20I.5V;Tarde;50;4;0;1-6,13-16;1-6,13-16;1-6,13-16;1-6,13-16;1-6,13-16;1-16
99163;RV.BCC041;ENGENHARIA WEB;MARLUS DIAS SILVA;20181.02CDC20I.5V;Tarde;50;3;0;1-6,13-16;1-6,13-16;1-6,13-16;1-6,13-16;1-6,13-16;1-16
99166;RV.BCCP13;PRáTICA DE LABORATóRIO DE PESQUISA (MATURAçãO I);FáBIO MONTANHA RAMOS;20181.02CDC20I.5V;Tarde;50;4;0;1-6,13-16;1-6,13-16;1-6,13-16;1-6,13-16;1-6,13-16;1-16
104795;GRAD.CDI.03;CáLCULO DIFERENCIAL E INTEGRAL I;ALINE GOBBI DUTRA;20181.02CIV20I.1.-;Tarde;52;5;0;1-6,13-16;1-6,13-16;1-6,13-16;1-6,13-16;1-6,13-16;1-16
104796;GRAD.DT.02;DESENHO TéCNICO;TATIANA DE FREITAS PINAZO;20181.02CIV20I.1.-;Tarde;50;4;0;1-6,13-16;1-6,13-16;1-6,13-16;1-6,13-16;1-6,13-16;1-16
104797;GRAD.FE.01;FíSICA EXPERIMENTAL I;SALMON LANDI JUNIOR;20181.02CIV20I.1.-;Tarde;56;2;0;1-6,13-16;1-6,13-16;1-6,13-16;1-6,13-16;1-6,13-16;1-16
104798;GRAD.FíSICA I.01;FíSICA I;GUSTAVO QUEREZA DE FREITAS;20181.02CIV20I.1.-;Tarde;50;4;0;1-6,13-16;1-6,13-16;1-6,13-16;1-6,13-16;1-6,13-16;1-16
104799;GRAD.IEC.01;INTRODUçãO à ENGENHARIA CIVIL;ALEXSANDRO DOS SANTOS FELIPE;20181.02CIV20I.1.-;Tarde;55;3;0;1-6,13-16;1-6,13-16;1-6,13-16;1-6,13-16;1-6,13-16;1-16
104800;GRAD.QE.01;QUíMICA EXPERIMENTAL;RODRIGO BRAGHIROLI;20181.02CIV20I.1.-;Tarde;50;2;0;1-6,13-16;1-6,13-16;1-6,13-16;1-6,13-16;1-6,13-16;1-16
104801;GRAD.QG.03;QUíMICA GERAL;IGOR CARDOSO PESCARA;20181.02CIV20I.1.-;Tarde;50;4;0;1-6,13-16;1-6,13-16;1-6,13-16;1-6,13-16;1-6,13-16;1-16
99209;RV.ENG228;TOPOGRAFIA - ALTIMETRIA;WELLINGTON DONIZETE GUIMARãES;20181.02CIV20I.3M.-;Manhã;50;2;0;7-16;7-16;7-16;7-16;7-16;1-16
99205;RV.ENG233;MECâNICA DOS SOLOS I;CHARLES PEREIRA CHAVES;20181.02CIV20I.3M.-;Manhã;50;4;0;7-16;7-16;7-16;7-16;7-16;1-16
99204;RV.ENG234;MATERIAIS DE CONSTRUçãO I;BACUS DE OLIVEIRA NAHIME;20181.02CIV20I.3M.-;Manhã;59;4;0;7-16;7-16;7-16;7-16;7-16;1-16
99207;RV.ENG254;PROJETOS ARQUITETôNICOS I;TALINE CARVALHO MARTINS;20181.02CIV20I.3M.-;Manhã;60;4;0;7-16;7-16;7-16;7-16;7-16;1-16
99206;RV.ENG259;MECâNICA VETORIAL;ALEXSANDRO DOS SANTOS FELIPE;20181.02CIV20I.3M.-;Manhã;50;3;0;7-16;7-16;7-16;7-16;7-16;1-16
99208;RV.EXA204;SéRIES E EQUAçõES DIFERENCIAIS E ORDINáRIAS;CAIKE DA ROCHA DAMKE;20181.02CIV20I.3M.-;Manhã;50;4;0;7-16;7-16;7-16;7-16;7-16;1-16
99203;RV.EXA223;FíSICA III;GUSTAVO QUEREZA DE FREITAS;20181.02CIV20I.3M.-;Manhã;50;4;0;7-16;7-16;7-16;7-16;7-16;1-16
99202;RV.EXA226;FíSICA EXPERIMENTAL III;SALMON LANDI JUNIOR;20181.02CIV20I.3M.-;Manhã;50;2;0;7-16;7-16;7-16;7-16;7-16;1-16
99211;RV.EAL204;FENôMENOS DE TRANSPORTE II;GIACOMO BIZINOTO FERREIRA BOSCO;20181.02CIV20I.5V.-;Tarde;50;4;0;1-6,13-16;1-6,13-16;1-6,13-16;1-6,13-16;1-6,13-16;1-16
99212;RV.ENG223;HIDRáULICA I;MARCONI BATISTA TEIXEIRA;20181.02CIV20I.5V.-;Tarde;60;3;0;1-6,13-16;1-6,13-16;1-6,13-16;1-6,13-16;1-6,13-16;1-16
99216;RV.ENG237;TEORIA DAS ESTRUTURAS I;MICHELL MACEDO ALVES;20181.02CIV20I.5V.-;Tarde;71;4;0;1-6,13-16;1-6,13-16;1-6,13-16;1-6,13-16;1-6,13-16;1-16
99210;RV.ENG238;CONSTRUçãO CIVIL I;TALINE CARVALHO MARTINS;20181.02CIV20I.5V.-;Tarde;50;3;0;1-6,13-16;1-6,13-16;1-6,13-16;1-6,13-16;1-6,13-16;1-16
99215;RV.ENG239;RESISTêNCIA DOS MATERIAIS II;MICHELL MACEDO ALVES;20181.02CIV20I.5V.-;Tarde;83;4;0;1-6,13-16;1-6,13-16;1-6,13-16;1-6,13-16;1-6,13-16;1-16
99213;RV.GAM206;LEGISLAçãO AMBIENTAL;LEANDRO CARLOS;20181.02CIV20I.5V.-;Tarde;52;3;0;1-6,13-16;1-6,13-16;1-6,13-16;1-6,13-16;1-6,13-16;1-16
99214;RV.INF205;MéTODOS COMPUTACIONAIS II;FRANCISCO RIBEIRO DE ARAUJO NETO,ADRIANO CARVALHO COSTA;20181.02CIV20I.5V.-;Tarde;53;4;0;1-6,13-16;1-6,13-16;1-6,13-16;1-6,13-16;1-6,13-16;1-16
99223;RV.EAM204;SISTEMAS DE ABASTECIMENTO DE ÁGUA;POLYANNA RIBEIRO TRINDADE;20181.02CIV20I.7M.-;Manhã;50;4;0;7-16;7-16;7-16;7-16;7-16;1-16
99222;RV.EAM205;SISTEMA DE ESGOTAMENTO SANITáRIO;BRUNO DE OLIVEIRA COSTA COUTO;20181.02CIV20I.7M.-;Manhã;50;4;0;7-16;7-16;7-16;7-16;7-16;1-16
99221;RV.ENG229;INSTALAçõES PREDIAIS HIDROSSANITáRIA;BACUS DE OLIVEIRA NAHIME;20181.02CIV20I.7M.-;Manhã;50;3;0;7-16;7-16;7-16;7-16;7-16;1-16
99218;RV.ENG244;ESTRUTURA DE CONCRETO ARMADO I;ALEXSANDRO DOS SANTOS FELIPE;20181.02CIV20I.7M.-;Manhã;50;5;0;7-16;7-16;7-16;7-16;7-16;1-16
99220;RV.ENG245;ESTRUTURAS METáLICAS;MICHELL MACEDO ALVES;20181.02CIV20I.7M.-;Manhã;50;4;0;7-16;7-16;7-16;7-16;7-16;1-16
99217;RV.ENG246;ESTRADAS;CHARLES PEREIRA CHAVES;20181.02CIV20I.7M.-;Manhã;50;4;0;7-16;7-16;7-16;7-16;7-16;1-16
99219;RV.ENG247;ESTRUTURAS DE MADEIRA;MARIELLE VIEIRA FELIX;20181.02CIV20I.7M.-;Manhã;50;4;0;7-16;7-16;7-16;7-16;7-16;1-16
99232;RV.ENG253;HIGIENE E SEGURANçA DO TRABALHO;MARIELLE VIEIRA FELIX;20181.02CIV20I.9V.-;Tarde;50;2;0;1-6,13-16;1-6,13-16;1-6,13-16;1-6,13-16;1-6,13-16;1-16
99229;RV.HUM203;ÉTICA PROFISSIONAL;MARIELLE VIEIRA FELIX;20181.02CIV20I.9V.-;Tarde;50;2;0;1-6,13-16;1-6,13-16;1-6,13-16;1-6,13-16;1-6,13-16;1-16
99226;RV.HUM224;ECONOMIA;SILVIA FERREIRA MARQUES SALUSTIANO;20181.02CIV20I.9V.-;Tarde;50;2;0;1-6,13-16;1-6,13-16;1-6,13-16;1-6,13-16;1-6,13-16;1-16
99224;RV.HUM225;ADMINISTRAçãO;RAFAEL PAZETO ALVARENGA;20181.02CIV20I.9V.-;Tarde;50;2;0;1-6,13-16;1-6,13-16;1-6,13-16;1-6,13-16;1-6,13-16;1-16
99235;RV.TCC209;TRABALHO DE CURSO I;POLYANNA RIBEIRO TRINDADE;20181.02CIV20I.9V.-;Tarde;50;3;0;1-6,13-16;1-6,13-16;1-6,13-16;1-6,13-16;1-6,13-16;1-16
104729;RV.ADM410;REDAçãO DE TEXTOS OFICIAIS;SANDRA MARA SANTOS LEMOS;20181.02COT11N.1N;Noite;55;3;0;1-12;1-12;1-12;1-12;1-12;0
104724;RV.CON001;CONTABILIDADE GERAL;RAQUEL MARIA PRADO,LUCINEIDO GOMES DE MORAES;20181.02COT11N.1N;Noite;62;5;0;1-12;1-12;1-12;1-12;1-12;0
104726;RV.CON002;ÉTICA PROFISSIONAL;RAQUEL MARIA PRADO,LUCINEIDO GOMES DE MORAES;20181.02COT11N.1N;Noite;55;2;0;1-12;1-12;1-12;1-12;1-12;0
104728;RV.CON003;PROCESSOS DE CONSTITUIçãO DE EMPRESAS;FABIO FERREIRA DA SILVA OLIVEIRA;20181.02COT11N.1N;Noite;55;3;0;1-12;1-12;1-12;1-12;1-12;0
104727;RV.EXA808;MATEMáTICA FINANCEIRA;CAIKE DA ROCHA DAMKE;20181.02COT11N.1N;Noite;55;4;0;1-12;1-12;1-12;1-12;1-12;0
104725;RV.HUM824;DIREITO;MáRCIA CRISTINA PUYDINGER DE FAZIO;20181.02COT11N.1N;Noite;55;3;0;1-12;1-12;1-12;1-12;1-12;0
99996;RV.ADM810;ADMINISTRAçãO FINANCEIRA;RúBIA CRISTINA ARANTES MARQUES,LUCIANA DE SOUSA SANTOS;20181.02COT11N.2N;Noite;50;2;0;1-12;1-12;1-12;1-12;1-12;0
99999;RV.CON100;CONTABILIDADE FISCAL;FABIO FERREIRA DA SILVA OLIVEIRA;20181.02COT11N.2N;Noite;50;3;0;1-12;1-12;1-12;1-12;1-12;0
99997;RV.CON103;CONTABILIDADE COMERCIAL;RAQUEL MARIA PRADO,LUCINEIDO GOMES DE MORAES;20181.02COT11N.2N;Noite;50;3;0;1-12;1-12;1-12;1-12;1-12;0
99998;RV.CON107;CONTABILIDADE DE CUSTOS;RúBIA CRISTINA ARANTES MARQUES;20181.02COT11N.2N;Noite;50;3;0;1-12;1-12;1-12;1-12;1-12;0
100000;RV.CONT101;PRáTICA CONTáBIL I;FABIO FERREIRA DA SILVA OLIVEIRA;20181.02COT11N.2N;Noite;50;4;0;1-12;1-12;1-12;1-12;1-12;0
100004;RV.ADM824;EMPREENDEDORISMO;LíDIA NUNES DE ÁVILA CARVALHAES;20181.02COT11N.3N;Noite;50;2;0;1-12;1-12;1-12;1-12;1-12;0
100002;RV.CON109;CONTABILIDADE NãO GOVERNAMENTAL;RAQUEL MARIA PRADO,LUCINEIDO GOMES DE MORAES;20181.02COT11N.3N;Noite;50;1;0;1-12;1-12;1-12;1-12;1-12;0
100001;RV.CON111;CONTABILIDADE DE PESSOA FíSICA;RAQUEL MARIA PRADO,LUCINEIDO GOMES DE MORAES;20181.02COT11N.3N;Noite;50;3;0;1-12;1-12;1-12;1-12;1-12;0
100003;RV.CONT102;CONTABILIDADE RURAL;FABIO FERREIRA DA SILVA OLIVEIRA;20181.02COT11N.3N;Noite;50;3;0;1-12;1-12;1-12;1-12;1-12;0
100005;RV.CONT103;PRATICA CONTáBIL II;FABIO FERREIRA DA SILVA OLIVEIRA;20181.02COT11N.3N;Noite;50;4;0;1-12;1-12;1-12;1-12;1-12;0
104619;GRAD.CDI.03;CáLCULO DIFERENCIAL E INTEGRAL I;CRISTIANE ALVARENGA GAJO;20181.02EAM20I.1V;Tarde;65;5;0;1-6,13-16;1-6,13-16;1-6,13-16;1-6,13-16;1-6,13-16;1-16
104620;GRAD.EB.02;ESTATíSTICA BáSICA;IDALCI CRUVINEL DOS REIS;20181.02EAM20I.1V;Tarde;60;4;0;1-6,13-16;1-6,13-16;1-6,13-16;1-6,13-16;1-6,13-16;1-16
104621;GRAD.FMB.01;FíSICA - MECâNICA BáSICA;TIAGO CLARIMUNDO RAMOS;20181.02EAM20I.1V;Tarde;60;3;0;1-6,13-16;1-6,13-16;1-6,13-16;1-6,13-16;1-6,13-16;1-16
104622;GRAD.GAAL.01;GEOMETRIA ANALíTICA E ÁLGEBRA LINEAR;CRISTIANE ALVARENGA GAJO;20181.02EAM20I.1V;Tarde;62;4;0;1-6,13-16;1-6,13-16;1-6,13-16;1-6,13-16;1-6,13-16;1-16
104623;GRAD.IEA.02;INTRODUçãO à ENGENHARIA AMBIENTAL;CELSO MARTINS BELISáRIO,POLYANNA RIBEIRO TRINDADE;20181.02EAM20I.1V;Tarde;56;2;0;1-6,13-16;1-6,13-16;1-6,13-16;1-6,13-16;1-6,13-16;1-16
104624;GRAD.MC.04;METODOLOGIA CIENTíFICA;ALINE DITOMASO;20181.02EAM20I.1V;Tarde;60;3;0;1-6,13-16;1-6,13-16;1-6,13-16;1-6,13-16;1-6,13-16;1-16
104625;GRAD.QG.03;QUíMICA GERAL;CELSO MARTINS BELISáRIO;20181.02EAM20I.1V;Tarde;68;4;0;1-6,13-16;1-6,13-16;1-6,13-16;1-6,13-16;1-6,13-16;1-16
99174;RV.EAL206;TERMODINâMICA;GIACOMO BIZINOTO FERREIRA BOSCO;20181.02EAM20I.3M;Manhã;55;4;0;7-16;7-16;7-16;7-16;7-16;1-16
99172;RV.ENG204;MECâNICA DOS SOLOS;GILBERTO COLODRO;20181.02EAM20I.3M;Manhã;58;2;0;7-16;7-16;7-16;7-16;7-16;1-16
99171;RV.ENG225;HIDROLOGIA;GILBERTO COLODRO;20181.02EAM20I.3M;Manhã;60;4;0;7-16;7-16;7-16;7-16;7-16;1-16
99175;RV.ENG228;TOPOGRAFIA - ALTIMETRIA;DAVID VIEIRA LIMA;20181.02EAM20I.3M;Manhã;50;4;0;7-16;7-16;7-16;7-16;7-16;1-16
99170;RV.EXA205;CáLCULO NUMéRICO;RENATO CRUVINEL DE OLIVEIRA;20181.02EAM20I.3M;Manhã;55;4;0;7-16;7-16;7-16;7-16;7-16;1-16
99169;RV.QUI214;BIOQUíMICA;PRISCILA FERREIRA BATISTA;20181.02EAM20I.3M;Manhã;50;4;0;7-16;7-16;7-16;7-16;7-16;1-16
99173;RV.QUI240;QUíMICA AMBIENTAL E ANáLISES INSTRUMENTAIS;ANA CAROLINA RIBEIRO AGUIAR;20181.02EAM20I.3M;Manhã;25;4;0;7-16;7-16;7-16;7-16;7-16;1-16
106248;RV.QUI240;QUíMICA AMBIENTAL E ANáLISES INSTRUMENTAIS;ANA CAROLINA RIBEIRO AGUIAR;20181.02EAM20I.3M;Manhã;25;3;0;7-16;7-16;7-16;7-16;7-16;1-16
99182;RV.BIO216;SAúDE PúBLICA;FRANCISCO JOSE RIVERA PINEDO;20181.02EAM20I.5V;Tarde;50;2;0;1-6,13-16;1-6,13-16;1-6,13-16;1-6,13-16;1-6,13-16;1-16
99176;RV.EAL203;FENôMENOS DE TRANSPORTE I;GIACOMO BIZINOTO FERREIRA BOSCO;20181.02EAM20I.5V;Tarde;60;4;0;1-6,13-16;1-6,13-16;1-6,13-16;1-6,13-16;1-6,13-16;1-16
99178;RV.EAM203;INDICADORES DE IMPACTO AMBIENTAL;PATRICIA CALDEIRA DE SOUZA;20181.02EAM20I.5V;Tarde;50;3;0;1-6,13-16;1-6,13-16;1-6,13-16;1-6,13-16;1-6,13-16;1-16
99177;RV.ENG223;HIDRáULICA I;MARCONI BATISTA TEIXEIRA;20181.02EAM20I.5V;Tarde;50;3;0;1-6,13-16;1-6,13-16;1-6,13-16;1-6,13-16;1-6,13-16;1-16
99181;RV.GAM236;POLUIçãO INDUSTRIAL;BRUNO DE OLIVEIRA COSTA COUTO;20181.02EAM20I.5V;Tarde;50;3;0;1-6,13-16;1-6,13-16;1-6,13-16;1-6,13-16;1-6,13-16;1-16
99179;RV.GAM237;MANEJO DE BACIAS HIDROGRáFICAS;HIPóLITO TADEU FERREIRA DA SILVA;20181.02EAM20I.5V;Tarde;50;3;0;1-6,13-16;1-6,13-16;1-6,13-16;1-6,13-16;1-6,13-16;1-16
99180;RV.INF204;MéTODOS COMPUTACIONAIS I;FERNANDO HENRIQUE DA SILVA;20181.02EAM20I.5V;Tarde;30;5;0;1-6,13-16;1-6,13-16;1-6,13-16;1-6,13-16;1-6,13-16;1-16
104827;RV.INF204;MéTODOS COMPUTACIONAIS I;FERNANDO HENRIQUE DA SILVA;20181.02EAM20I.5V;Tarde;30;5;0;1-6,13-16;1-6,13-16;1-6,13-16;1-6,13-16;1-6,13-16;1-16
99183;RV.AGR210;CLIMATOLOGIA;LEONARDO NAZARIO SILVA DOS SANTOS;20181.02EAM20I.7M;Manhã;43;4;0;7-16;7-16;7-16;7-16;7-16;1-16
99189;RV.EAM204;SISTEMAS DE ABASTECIMENTO DE ÁGUA;POLYANNA RIBEIRO TRINDADE;20181.02EAM20I.7M;Manhã;50;4;0;7-16;7-16;7-16;7-16;7-16;1-16
99187;RV.EAM205;SISTEMA DE ESGOTAMENTO SANITáRIO;BRUNO DE OLIVEIRA COSTA COUTO;20181.02EAM20I.7M;Manhã;50;4;0;7-16;7-16;7-16;7-16;7-16;1-16
99184;RV.EAM210;GEOTECNICA AMBIENTAL;CHARLES PEREIRA CHAVES;20181.02EAM20I.7M;Manhã;50;2;0;7-16;7-16;7-16;7-16;7-16;1-16
99188;RV.GAM204;SISTEMA DE INFORMAçãO GEOGRáFICA;WELLINGTON DONIZETE GUIMARãES;20181.02EAM20I.7M;Manhã;50;4;0;7-16;7-16;7-16;7-16;7-16;1-16
99186;RV.GAM216;GESTãO DE UNIDADES DE CONSERVAçãO E ECOTURISMO;JUAREZ MARTINS RODRIGUES;20181.02EAM20I.7M;Manhã;50;4;0;7-16;7-16;7-16;7-16;7-16;1-16
99185;RV.GAM224;GESTãO DE RESíDUOS SóLIDOS;PATRICIA CALDEIRA DE SOUZA;20181.02EAM20I.7M;Manhã;50;4;0;7-16;7-16;7-16;7-16;7-16;1-16
99194;RV.GAM225;ENERGIAS RENOVáVEIS;JOAO AREIS FERREIRA BARBOSA JUNIOR;20181.02EAM20I.9V;Tarde;50;2;0;1-6,13-16;1-6,13-16;1-6,13-16;1-6,13-16;1-6,13-16;1-16
99191;RV.GAM232;AUDITORIA E PERíCIA AMBIENTAL;PATRICIA CALDEIRA DE SOUZA;20181.02EAM20I.9V;Tarde;50;3;0;1-6,13-16;1-6,13-16;1-6,13-16;1-6,13-16;1-6,13-16;1-16
99198;RV.GAM234;GESTãO DE RECURSOS HíDRICOS;GILBERTO COLODRO;20181.02EAM20I.9V;Tarde;60;3;0;1-6,13-16;1-6,13-16;1-6,13-16;1-6,13-16;1-6,13-16;1-16
99195;RV.HUM203;ÉTICA PROFISSIONAL;HIPóLITO TADEU FERREIRA DA SILVA;20181.02EAM20I.9V;Tarde;50;2;0;1-6,13-16;1-6,13-16;1-6,13-16;1-6,13-16;1-6,13-16;1-16
99190;RV.HUM225;ADMINISTRAçãO;RAFAEL PAZETO ALVARENGA;20181.02EAM20I.9V;Tarde;50;2;0;1-6,13-16;1-6,13-16;1-6,13-16;1-6,13-16;1-6,13-16;1-16
99201;RV.TCC209;TRABALHO DE CURSO I;CELSO MARTINS BELISáRIO;20181.02EAM20I.9V;Tarde;50;3;0;1-6,13-16;1-6,13-16;1-6,13-16;1-6,13-16;1-6,13-16;1-16
107240;RV.DTC001;DESENHO TéCNICO;TATIANA DE FREITAS PINAZO;20181.02EDI11N.1N;Noite;55;4;0;1-12;1-12;1-12;1-12;1-12;0
107241;RV.IMP001;INTRODUçãO à METODOLOGIA,PESQUISA E INOVAçãO;THOMAZ JOEZER HERLER;20181.02EDI11N.1N;Noite;55;2;0;1-12;1-12;1-12;1-12;1-12;0
107242;RV.MAP001;MATEMáTICA APLICADA;GIACOMO BIZINOTO FERREIRA BOSCO;20181.02EDI11N.1N;Noite;55;4;0;1-12;1-12;1-12;1-12;1-12;0
107244;RV.MAS001;MEIO AMBIENTE E SUSTENTABILIDADE URBANA;EMIVAL DA CUNHA RIBEIRO;20181.02EDI11N.1N;Noite;55;3;0;1-12;1-12;1-12;1-12;1-12;0
107243;RV.MCI001;MATERIAIS DE CONSTRUçãO I;TALINE CARVALHO MARTINS;20181.02EDI11N.1N;Noite;55;4;0;1-12;1-12;1-12;1-12;1-12;0
107245;RV.T-PL001;TOPOGRAFIA - PLANIMETRIA;WELLINGTON DONIZETE GUIMARãES;20181.02EDI11N.1N;Noite;55;3;0;1-12;1-12;1-12;1-12;1-12;0
101011;CTEDIFRV.3;SEGURANçA DO TRABALHO;CHARLES PEREIRA CHAVES;20181.02EDI12N.3N;Noite;50;2;0;1-12;1-12;1-12;1-12;1-12;0
101009;CTEDIFRV.7;PORTUGUêS III;SANDRA MARA SANTOS LEMOS;20181.02EDI12N.3N;Noite;50;3;0;1-12;1-12;1-12;1-12;1-12;0
101010;CTEDIFRV.8;QUíMICA III;RODRIGO BRAGHIROLI;20181.02EDI12N.3N;Noite;50;2;0;1-12;1-12;1-12;1-12;1-12;0
101005;CTEDIFRV.9;DESENHO TéCNICO ASSISTIDO POR COMPUTADOR;TATIANA DE FREITAS PINAZO;20181.02EDI12N.3N;Noite;50;2;0;1-12;1-12;1-12;1-12;1-12;0
101006;RV.TADM13;FíSICA III;TIAGO CLARIMUNDO RAMOS;20181.02EDI12N.3N;Noite;50;2;0;1-12;1-12;1-12;1-12;1-12;0
101007;RV.TADM38;GEOGRAFIA II;JESIEL SOUZA SILVA;20181.02EDI12N.3N;Noite;50;2;0;1-12;1-12;1-12;1-12;1-12;0
101008;RV.TALIM55;MATEMÁTICA III;KELEN HELENA DE OLIVEIRA;20181.02EDI12N.3N;Noite;50;3;0;1-12;1-12;1-12;1-12;1-12;0
101017;CTEDIFRV.10;PORTUGUêS IV;WILCIENE NUNES DO VALE;20181.02EDI12N.4N;Noite;50;0;0;1-12;1-12;1-12;1-12;1-12;0
101015;CTEDIFRV.11;MATERIAIS DE CONSTRUçãO I;TALINE CARVALHO MARTINS;20181.02EDI12N.4N;Noite;50;4;0;1-12;1-12;1-12;1-12;1-12;0
101018;CTEDIFRV.12;PROJETO ARQUITETôNICO I;TATIANA DE FREITAS PINAZO;20181.02EDI12N.4N;Noite;50;2;0;1-12;1-12;1-12;1-12;1-12;0
101019;CTEDIFRV.13;TOPOGRAFIA - PLANIMETRIA;WELLINGTON DONIZETE GUIMARãES;20181.02EDI12N.4N;Noite;50;3;0;1-12;1-12;1-12;1-12;1-12;0
101016;CTEDIFRV.14;MEIO AMBIENTE E SUSTENTABILIDADE URBANA;EMIVAL DA CUNHA RIBEIRO;20181.02EDI12N.4N;Noite;50;3;0;1-12;1-12;1-12;1-12;1-12;0
101013;RV.PRO32;GEOGRAFIA III;ROBERTO EDUARDO CASTILLO PIZARRO;20181.02EDI12N.4N;Noite;50;2;0;1-12;1-12;1-12;1-12;1-12;0
101012;RV.PRO90;ARTE;THOMAZ JOEZER HERLER;20181.02EDI12N.4N;Noite;50;1;0;1-12;1-12;1-12;1-12;1-12;0
101014;RV.TADM12;MATEMáTICA IV;KELEN HELENA DE OLIVEIRA;20181.02EDI12N.4N;Noite;50;3;0;1-12;1-12;1-12;1-12;1-12;0
101026;CTEDIFRV.15;TOGRAFIA - ALTIMETRIA;WELLINGTON DONIZETE GUIMARãES;20181.02EDI12N.5N;Noite;50;2;0;1-12;1-12;1-12;1-12;1-12;0
101025;CTEDIFRV.16;PROJETO ARQUITETôNICO II;TATIANA DE FREITAS PINAZO;20181.02EDI12N.5N;Noite;50;3;0;1-12;1-12;1-12;1-12;1-12;0
101023;CTEDIFRV.17;MATERIAIS DE CONSTRUçãO II;TALINE CARVALHO MARTINS;20181.02EDI12N.5N;Noite;50;3;0;1-12;1-12;1-12;1-12;1-12;0
101022;CTEDIFRV.18;INSTALAçõES ELéTRICAS;MáRCIO DA SILVA VILELA;20181.02EDI12N.5N;Noite;50;3;0;1-12;1-12;1-12;1-12;1-12;0
101024;CTEDIFRV.19;ORGANIZAçãO DO TRABALHO;JERLIANE CRUVINEL MENEZES;20181.02EDI12N.5N;Noite;50;2;0;1-12;1-12;1-12;1-12;1-12;0
101021;RV.PRO40;HISTóRIA I;THOMAZ JOEZER HERLER;20181.02EDI12N.5N;Noite;50;2;0;1-12;1-12;1-12;1-12;1-12;0
101020;RV.PRO50;BIOLOGIA I;GUSTAVO ANTôNIO TEIXEIRA CHAVES;20181.02EDI12N.5N;Noite;50;2;0;1-12;1-12;1-12;1-12;1-12;0
105162;CTEDIFRV.20;PROJETO HIDROSSANITáRIO I;MARIELLE VIEIRA FELIX;20181.02EDI12N.6N;Noite;10;3;0;1-12;1-12;1-12;1-12;1-12;0
105163;CTEDIFRV.21;SISTEMAS ESTRUTURAIS I;TALINE CARVALHO MARTINS;20181.02EDI12N.6N;Noite;10;3;0;1-12;1-12;1-12;1-12;1-12;0
105164;CTEDIFRV.22;TéCNICAS CONSTRUTIVAS I;MARIELLE VIEIRA FELIX;20181.02EDI12N.6N;Noite;10;3;0;1-12;1-12;1-12;1-12;1-12;0
105161;CTEDIFRV.30;MECâNICA DOS SOLOS I;CHARLES PEREIRA CHAVES;20181.02EDI12N.6N;Noite;10;3;0;1-12;1-12;1-12;1-12;1-12;0
105159;RV.PRO41;HISTóRIA II;THOMAZ JOEZER HERLER;20181.02EDI12N.6N;Noite;10;2;0;1-12;1-12;1-12;1-12;1-12;0
105158;RV.PRO51;BIOLOGIA II;GUSTAVO ANTôNIO TEIXEIRA CHAVES;20181.02EDI12N.6N;Noite;10;2;0;1-12;1-12;1-12;1-12;1-12;0
104741;RV.INF610;FUNDAMENTOS DE INFORMáTICA;FERNANDO HENRIQUE DA SILVA;20181.02INF11N.1N.-;Noite;55;2;0;1-12;1-12;1-12;1-12;1-12;0
104742;RV.INF618;LóGICA DE PROGRAMAçãO;FáBIO MONTANHA RAMOS;20181.02INF11N.1N.-;Noite;28;6;0;1-12;1-12;1-12;1-12;1-12;0
104813;RV.INF618;LóGICA DE PROGRAMAçãO;FáBIO MONTANHA RAMOS;20181.02INF11N.1N.-;Noite;28;5;0;1-12;1-12;1-12;1-12;1-12;0
104743;RV.INF619;MATEMáTICA PARA INFORMáTICA;KELEN HELENA DE OLIVEIRA;20181.02INF11N.1N.-;Noite;55;2;0;1-12;1-12;1-12;1-12;1-12;0
104744;RV.INF92;OPERAçãO DE COMPUTADORES;LEONEL DIóGENES CARVALHAES ALVARENGA;20181.02INF11N.1N.-;Noite;28;4;0;1-12;1-12;1-12;1-12;1-12;0
104814;RV.INF92;OPERAçãO DE COMPUTADORES;LEONEL DIóGENES CARVALHAES ALVARENGA;20181.02INF11N.1N.-;Noite;28;4;0;1-12;1-12;1-12;1-12;1-12;0
104740;RV.INF96;DESENVOLVIMENTO DE INTERFACES WEB I;RICARDO CASTRO MARQUES;20181.02INF11N.1N.-;Noite;28;6;0;1-12;1-12;1-12;1-12;1-12;0
104812;RV.INF96;DESENVOLVIMENTO DE INTERFACES WEB I;RICARDO CASTRO MARQUES;20181.02INF11N.1N.-;Noite;28;6;0;1-12;1-12;1-12;1-12;1-12;0
100010;RV.INF72;METODOLOGIA DE PROJETO DE SISTEMAS;LEONEL DIóGENES CARVALHAES ALVARENGA;20181.02INF11N.2N.-;Noite;50;2;0;1-12;1-12;1-12;1-12;1-12;0
100009;RV.INF73;MANUTENÇÃO DE COMPUTADORES;RAFAEL CARVALHO MENDONçA;20181.02INF11N.2N.-;Noite;50;4;0;1-12;1-12;1-12;1-12;1-12;0
100006;RV.INF74;BANCOS DE DADOS;FáBIO MONTANHA RAMOS;20181.02INF11N.2N.-;Noite;50;4;0;1-12;1-12;1-12;1-12;1-12;0
100007;RV.INF83;DESENVOLVIMENTO DE INTERFACES WEB II;RICARDO CASTRO MARQUES;20181.02INF11N.2N.-;Noite;50;3;0;1-12;1-12;1-12;1-12;1-12;0
100011;RV.INF84;PORTUGUêS PARA INFORMáTICA;SANDRA MARA SANTOS LEMOS;20181.02INF11N.2N.-;Noite;50;2;0;1-12;1-12;1-12;1-12;1-12;0
100008;RV.INF93;LINGUAGEM DE PROGRAMAçãO I;MARLUS DIAS SILVA;20181.02INF11N.2N.-;Noite;50;4;0;1-12;1-12;1-12;1-12;1-12;0
100015;RV.INF75;REDES DE COMPUTADORES;RAFAEL CARVALHO MENDONçA;20181.02INF11N.3N.-;Noite;50;6;0;1-12;1-12;1-12;1-12;1-12;0
100012;RV.INF76;DESENVOLVIMENTO DE PROJETO DE SISTEMAS;RICARDO CASTRO MARQUES;20181.02INF11N.3N.-;Noite;50;3;0;1-12;1-12;1-12;1-12;1-12;0
100016;RV.INF77;TÓPICOS ESPECIAIS (JAVA);MARLUS DIAS SILVA;20181.02INF11N.3N.-;Noite;50;4;0;1-12;1-12;1-12;1-12;1-12;0
100013;RV.INF78;INFORMÁTICA E MERCADO DE TRABALHO;FERNANDO HENRIQUE DA SILVA;20181.02INF11N.3N.-;Noite;50;2;0;1-12;1-12;1-12;1-12;1-12;0
100014;RV.INF79;LINGUAGEM DE PROGRAMAÇÃO II (PHP);MARLUS DIAS SILVA;20181.02INF11N.3N.-;Noite;50;4;0;1-12;1-12;1-12;1-12;1-12;0
104748;RV.EXA722;MATEMáTICA APLICADA;RENATO CRUVINEL DE OLIVEIRA;20181.02QUI10N.1N;Noite;55;4;0;1-12;1-12;1-12;1-12;1-12;0
104745;RV.EXA723;ESTATíSTICA BáSICA;DANILO PEREIRA BARBOSA;20181.02QUI10N.1N;Noite;55;4;0;1-12;1-12;1-12;1-12;1-12;0
104750;RV.QUI720;QUíMICA GERAL;LUISMAR DE PAULA SOUZA;20181.02QUI10N.1N;Noite;55;4;0;1-12;1-12;1-12;1-12;1-12;0
104747;RV.QUI723;HIGIENE E SEGURANçA NO TRABALHO;KAREN CARVALHO FERREIRA;20181.02QUI10N.1N;Noite;55;1;0;1-12;1-12;1-12;1-12;1-12;0
104749;RV.QUI724;MICROBIOLOGIA INDUSTRIAL;FRANCISCO JOSE RIVERA PINEDO;20181.02QUI10N.1N;Noite;55;3;0;1-12;1-12;1-12;1-12;1-12;0
104751;RV.QUI735;TéCNICAS DE LABORATóRIO E OTIMIZAçãO DE EXPERIMENTOS;CELSO MARTINS BELISáRIO;20181.02QUI10N.1N;Noite;55;3;0;1-12;1-12;1-12;1-12;1-12;0
104746;RV.QUI736;EVOLUçãO DO CONCEITO DE QUíMICA;INDI ASSIS RODRIGUES;20181.02QUI10N.1N;Noite;55;1;0;1-12;1-12;1-12;1-12;1-12;0
100018;RV.HUM819;INGLêS INSTRUMENTAL;LíDIA NUNES DE ÁVILA CARVALHAES;20181.02QUI10N.2N;Noite;50;2;0;1-12;1-12;1-12;1-12;1-12;0
100019;RV.QUI724;MICROBIOLOGIA INDUSTRIAL;FRANCISCO JOSE RIVERA PINEDO;20181.02QUI10N.2N;Noite;50;2;0;1-12;1-12;1-12;1-12;1-12;0
100022;RV.QUI725;QUíMICA INORGâNICA;LUISMAR DE PAULA SOUZA;20181.02QUI10N.2N;Noite;50;3;0;1-12;1-12;1-12;1-12;1-12;0
100023;RV.QUI726;QUíMICA ORGâNICA;PAULO SéRGIO PEREIRA;20181.02QUI10N.2N;Noite;50;3;0;1-12;1-12;1-12;1-12;1-12;0
100021;RV.QUI728;QUíMICA ANALíTICA QUALITATIVA;POLYANA FERNANDES PEREIRA;20181.02QUI10N.2N;Noite;50;3;0;1-12;1-12;1-12;1-12;1-12;0
100017;RV.TAL717;CONTROLE DE QUALIDADE;ANDRé LUIZ BORGES MACHADO;20181.02QUI10N.2N;Noite;50;2;0;1-12;1-12;1-12;1-12;1-12;0
100020;RV.TAL727;OPERAçõES UNITáRIAS;ANDRé LUIZ BORGES MACHADO;20181.02QUI10N.2N;Noite;50;3;0;1-12;1-12;1-12;1-12;1-12;0
100025;RV.ADM824;EMPREENDEDORISMO;RAFAEL PAZETO ALVARENGA;20181.02QUI10N.3N;Noite;50;2;0;1-12;1-12;1-12;1-12;1-12;0
100026;RV.HUM818;ÉTICA E RELAçõES NO TRABALHO;LUIZA FERREIRA REZENDE DE MEDEIROS;20181.02QUI10N.3N;Noite;50;2;0;1-12;1-12;1-12;1-12;1-12;0
100027;RV.QUI729;FíSICO-QUíMICA;JOAO CARLOS PERBONE DE SOUZA;20181.02QUI10N.3N;Noite;50;3;0;1-12;1-12;1-12;1-12;1-12;0
100024;RV.QUI730;ANáLISE INSTRUMENTAL;IGOR CARDOSO PESCARA;20181.02QUI10N.3N;Noite;50;3;0;1-12;1-12;1-12;1-12;1-12;0
100030;RV.QUI731;QUíMICA ANALíTICA QUANTITATIVA;LUISMAR DE PAULA SOUZA;20181.02QUI10N.3N;Noite;50;3;0;1-12;1-12;1-12;1-12;1-12;0
100029;RV.QUI732;PROCESSOS QUíMICOS INDUSTRIAIS;CARLOS FREDERICO DE SOUZA CASTRO;20181.02QUI10N.3N;Noite;50;4;0;1-12;1-12;1-12;1-12;1-12;0
100028;RV.QUI733;IMPACTOS E RISCOS AMBIENTAIS;LUISMAR DE PAULA SOUZA,POLYANNA RIBEIRO TRINDADE;20181.02QUI10N.3N;Noite;50;3;0;1-12;1-12;1-12;1-12;1-12;0
104596;GRAD.FC.02;FUNDAMENTOS DE CáLCULO;PAULO HENRIQUE RODRIGUES GONçALVES;20181.02QUI22N.1N;Noite;50;4;0;1-12;1-12;1-12;1-12;1-12;0
104597;GRAD.FFE.01;FUNDAMENTOS FILOSóFICOS DA EDUCAçãO;PATRICIA GOUVEA NUNES;20181.02QUI22N.1N;Noite;52;2;0;1-12;1-12;1-12;1-12;1-12;0
104598;GRAD.HQ.01;HISTóRIA DA QUíMICA;CELSO MARTINS BELISáRIO;20181.02QUI22N.1N;Noite;50;2;0;1-12;1-12;1-12;1-12;1-12;0
104600;GRAD.QGE.02;QUíMICA GERAL EXPERIMENTAL;ANA CAROLINA RIBEIRO AGUIAR;20181.02QUI22N.1N;Noite;27;4;0;1-12;1-12;1-12;1-12;1-12;0
104602;GRAD.QGE.02;QUíMICA GERAL EXPERIMENTAL;ANA CAROLINA RIBEIRO AGUIAR;20181.02QUI22N.1N;Noite;23;4;0;1-12;1-12;1-12;1-12;1-12;0
104601;GRAD.QG-I.01;QUíMICA GERAL I;JOAO CARLOS PERBONE DE SOUZA;20181.02QUI22N.1N;Noite;52;4;0;1-12;1-12;1-12;1-12;1-12;0
99280;RV.EDU211;DIDáTICA;ROSENILDE NOGUEIRA PANIAGO;20181.02QUI22N.3N;Noite;50;2;0;1-12;1-12;1-12;1-12;1-12;0
99281;RV.EXA214;ESTATíSTICA BáSICA;RENATO CRUVINEL DE OLIVEIRA;20181.02QUI22N.3N;Noite;51;3;0;1-12;1-12;1-12;1-12;1-12;0
99279;RV.EXA216;CáLCULO DIFERENCIAL E INTEGRAL III;CAIKE DA ROCHA DAMKE;20181.02QUI22N.3N;Noite;50;3;0;1-12;1-12;1-12;1-12;1-12;0
99282;RV.EXA222;FíSICA II;TIAGO CLARIMUNDO RAMOS;20181.02QUI22N.3N;Noite;58;3;0;1-12;1-12;1-12;1-12;1-12;0
99283;RV.QUI228;QUíMICA INORGâNICA I;ELOIZA DA SILVA NUNES;20181.02QUI22N.3N;Noite;50;3;0;1-12;1-12;1-12;1-12;1-12;0
99284;RV.QUI251;QUíMICA ORGâNICA I;RODRIGO BRAGHIROLI;20181.02QUI22N.3N;Noite;50;3;0;1-12;1-12;1-12;1-12;1-12;0
99288;RV.EDU204;PSICOLOGIA DO DESENVOLVIMENTO;PATRICIA GOUVEA NUNES;20181.02QUI22N.5N;Noite;50;2;0;1-12;1-12;1-12;1-12;1-12;0
99289;RV.QUI223;QUíMICA ANALíTICA QUALITATIVA;POLYANA FERNANDES PEREIRA;20181.02QUI22N.5N;Noite;50;3;0;1-12;1-12;1-12;1-12;1-12;0
99287;RV.QUI236;PRáTICA DE ENSINO APLICADA à QUíMICA;ROSENILDE NOGUEIRA PANIAGO;20181.02QUI22N.5N;Noite;50;2;0;1-12;1-12;1-12;1-12;1-12;0
99286;RV.QUI241;ANáLISE ORGâNICA EXPERIMENTAL;RODRIGO BRAGHIROLI;20181.02QUI22N.5N;Noite;50;2;0;1-12;1-12;1-12;1-12;1-12;0
99290;RV.QUI247;QUíMICA ANALíTICA QUALITATIVA EXPERIMENTAL;POLYANA FERNANDES PEREIRA;20181.02QUI22N.5N;Noite;50;2;0;1-12;1-12;1-12;1-12;1-12;0
99285;RV.QUI250;ANáLISE ORGâNICA;CASSIA CRISTINA FERNANDES ALVES;20181.02QUI22N.5N;Noite;50;2;0;1-12;1-12;1-12;1-12;1-12;0
99294;RV.QUI218;FíSICO-QUíMICA II;CARLOS FREDERICO DE SOUZA CASTRO;20181.02QUI22N.7N;Noite;50;3;0;1-12;1-12;1-12;1-12;1-12;0
99295;RV.QUI227;QUíMICA ANALíTICA INSTRUMENTAL;IGOR CARDOSO PESCARA;20181.02QUI22N.7N;Noite;50;3;0;1-12;1-12;1-12;1-12;1-12;0
99292;RV.QUI237;BIOQUíMICA EXPERIMENTAL;PRISCILA FERREIRA BATISTA;20181.02QUI22N.7N;Noite;50;2;0;1-12;1-12;1-12;1-12;1-12;0
99293;RV.QUI245;FíSICO-QUíMICA EXPERIMENTAL II;CARLOS FREDERICO DE SOUZA CASTRO;20181.02QUI22N.7N;Noite;50;2;0;1-12;1-12;1-12;1-12;1-12;0
99296;RV.QUI246;QUíMICA INORGâNICA EXPERIMENTAL;ELOIZA DA SILVA NUNES;20181.02QUI22N.7N;Noite;50;4;0;1-12;1-12;1-12;1-12;1-12;0
99291;RV.QUI249;BIOQUíMICA;PRISCILA FERREIRA BATISTA;20181.02QUI22N.7N;Noite;50;2;0;1-12;1-12;1-12;1-12;1-12;0
104573;GRAD.DP.02;DINâMICA DA PAISAGEM;JESIEL SOUZA SILVA;20181.02SAM21N.1N;Noite;50;2;0;1-12;1-12;1-12;1-12;1-12;0
104572;GRAD.DT.02;DESENHO TéCNICO;TATIANA DE FREITAS PINAZO;20181.02SAM21N.1N;Noite;50;4;0;1-12;1-12;1-12;1-12;1-12;0
104574;GRAD.ECOLOG.01;ECOLOGIA;HIPóLITO TADEU FERREIRA DA SILVA;20181.02SAM21N.1N;Noite;50;2;0;1-12;1-12;1-12;1-12;1-12;0
104575;GRAD.FC.02;FUNDAMENTOS DE CáLCULO;PAULO HENRIQUE RODRIGUES GONçALVES;20181.02SAM21N.1N;Noite;50;4;0;1-12;1-12;1-12;1-12;1-12;0
104576;GRAD.MC.02;METODOLOGIA CIENTíFICA;ALINE DITOMASO;20181.02SAM21N.1N;Noite;50;3;0;1-12;1-12;1-12;1-12;1-12;0
104577;GRAD.QG.03;QUíMICA GERAL;INDI ASSIS RODRIGUES;20181.02SAM21N.1N;Noite;57;4;0;1-12;1-12;1-12;1-12;1-12;0
99328;RV.BIO206;MICROBIOLOGIA AMBIENTAL;LUCIANA CRISTINA VITORINO;20181.02SAM21N.3N;Noite;55;4;0;1-12;1-12;1-12;1-12;1-12;0
99326;RV.EXA210;FíSICA - MECâNICA BáSICA;GUSTAVO QUEREZA DE FREITAS;20181.02SAM21N.3N;Noite;50;4;0;1-12;1-12;1-12;1-12;1-12;0
99325;RV.GAM202;CARTOGRAFIA;WELLINGTON DONIZETE GUIMARãES;20181.02SAM21N.3N;Noite;50;4;0;1-12;1-12;1-12;1-12;1-12;0
99327;RV.GAM206;LEGISLAçãO AMBIENTAL;JUAREZ MARTINS RODRIGUES;20181.02SAM21N.3N;Noite;50;4;0;1-12;1-12;1-12;1-12;1-12;0
99329;RV.GAM236;POLUIçãO INDUSTRIAL;PATRICIA CALDEIRA DE SOUZA;20181.02SAM21N.3N;Noite;50;4;0;1-12;1-12;1-12;1-12;1-12;0
99333;RV.ENG229;INSTALAçõES PREDIAIS HIDROSSANITáRIA;BACUS DE OLIVEIRA NAHIME;20181.02SAM21N.5N;Noite;50;3;0;1-12;1-12;1-12;1-12;1-12;0
99330;RV.GAM210;CONSTRUçãO DE REDES DE ÁGUA;MARIELLE VIEIRA FELIX;20181.02SAM21N.5N;Noite;50;3;0;1-12;1-12;1-12;1-12;1-12;0
99331;RV.GAM211;CONSTRUçãO DE REDES DE ESGOTO;MICHELL MACEDO ALVES,BRUNO DE OLIVEIRA COSTA COUTO;20181.02SAM21N.5N;Noite;50;3;0;1-12;1-12;1-12;1-12;1-12;0
99332;RV.GAM224;GESTãO DE RESíDUOS SóLIDOS;PATRICIA CALDEIRA DE SOUZA;20181.02SAM21N.5N;Noite;56;3;0;1-12;1-12;1-12;1-12;1-12;0
99334;RV.GAM235;SISTEMAS DE GESTãO AMBIENTAL E SéRIE ISO 14000;JUAREZ MARTINS RODRIGUES;20181.02SAM21N.5N;Noite;50;3;0;1-12;1-12;1-12;1-12;1-12;0
104757;CTSTRARV.1;SEGURANçA DO TRABALHO I;TALINE CARVALHO MARTINS,RAFAEL PAZETO ALVARENGA;20181.02SGT11N.1N;Noite;55;4;0;1-12;1-12;1-12;1-12;1-12;0
104752;CTSTRARV.2;DIREITO DO TRABALHO I;MáRCIA CRISTINA PUYDINGER DE FAZIO;20181.02SGT11N.1N;Noite;55;4;0;1-12;1-12;1-12;1-12;1-12;0
104756;CTSTRARV.3;SAúDE DO TRABALHO I;FRANCISCO JOSE RIVERA PINEDO;20181.02SGT11N.1N;Noite;55;4;0;1-12;1-12;1-12;1-12;1-12;0
104753;CTSTRARV.30;GESTãO ORGANIZACIONAL;RAFAEL PAZETO ALVARENGA;20181.02SGT11N.1N;Noite;55;2;0;1-12;1-12;1-12;1-12;1-12;0
104755;CTSTRARV.31;REDAçãO TéCNICA E APRESENTAçõES ORAIS;WILCIENE NUNES DO VALE;20181.02SGT11N.1N;Noite;55;3;0;1-12;1-12;1-12;1-12;1-12;0
104754;CTSTRARV.50;MATEMáTICA;GIACOMO BIZINOTO FERREIRA BOSCO;20181.02SGT11N.1N;Noite;55;3;0;1-12;1-12;1-12;1-12;1-12;0
100037;CTSTRARV.10;TOXICOLOGIA INDUSTRIAL;BRUNO DE OLIVEIRA COSTA COUTO;20181.02SGT11N.2N;Noite;50;2;0;1-12;1-12;1-12;1-12;1-12;0
100034;CTSTRARV.11;HIGIENE OCUPACIONAL I;RúBIA CRISTINA ARANTES MARQUES,POLYANNA RIBEIRO TRINDADE;20181.02SGT11N.2N;Noite;50;2;0;1-12;1-12;1-12;1-12;1-12;0
100031;CTSTRARV.12;ANáLISE DE PROJETOS EM SEGURANçA DO TRABALHO;MARIELLE VIEIRA FELIX;20181.02SGT11N.2N;Noite;50;2;0;1-12;1-12;1-12;1-12;1-12;0
100033;CTSTRARV.13;EMPREENDEDORISMO;LUCIENE DE OLIVEIRA GUERRA;20181.02SGT11N.2N;Noite;50;2;0;1-12;1-12;1-12;1-12;1-12;0
100036;CTSTRARV.7;SEGURANçA DO TRABALHO II;RúBIA CRISTINA ARANTES MARQUES,POLYANNA RIBEIRO TRINDADE;20181.02SGT11N.2N;Noite;50;4;0;1-12;1-12;1-12;1-12;1-12;0
100032;CTSTRARV.8;DIREITO DO TRABALHO II;MáRCIA CRISTINA PUYDINGER DE FAZIO;20181.02SGT11N.2N;Noite;50;2;0;1-12;1-12;1-12;1-12;1-12;0
100035;CTSTRARV.9;SAúDE DO TRABALHO II;FRANCISCO JOSE RIVERA PINEDO;20181.02SGT11N.2N;Noite;50;2;0;1-12;1-12;1-12;1-12;1-12;0
100039;CTSTRARV.14;HIGIENE OCUPACIONAL II;RúBIA CRISTINA ARANTES MARQUES,POLYANNA RIBEIRO TRINDADE;20181.02SGT11N.3N;Noite;50;2;0;1-12;1-12;1-12;1-12;1-12;0
100038;CTSTRARV.15;GESTãO E LEGISLAçãO AMBIENTAL I;HIPóLITO TADEU FERREIRA DA SILVA;20181.02SGT11N.3N;Noite;50;2;0;1-12;1-12;1-12;1-12;1-12;0
100043;CTSTRARV.17;RELAçõES HUMANAS E PSICOLOGIA DO TRABALHO;LUIZA FERREIRA REZENDE DE MEDEIROS;20181.02SGT11N.3N;Noite;50;2;0;1-12;1-12;1-12;1-12;1-12;0
100042;CTSTRARV.18;PROCESSOS INDUSTRIAIS;MARIELLE VIEIRA FELIX;20181.02SGT11N.3N;Noite;50;2;0;1-12;1-12;1-12;1-12;1-12;0
100041;CTSTRARV.19;PREVENçãO E CONTROLE DE RISCO;BRUNO DE OLIVEIRA COSTA COUTO;20181.02SGT11N.3N;Noite;50;4;0;1-12;1-12;1-12;1-12;1-12;0
100040;CTSTRARV.21;PREVENçãO E COMBATE A INCêNDIOS;TALINE CARVALHO MARTINS;20181.02SGT11N.3N;Noite;50;2;0;1-12;1-12;1-12;1-12;1-12;0
100044;CTSTRARV.22;SEGURANçA NA CONSTRUçãO CIVIL;TALINE CARVALHO MARTINS;20181.02SGT11N.3N;Noite;50;2;0;1-12;1-12;1-12;1-12;1-12;0
100046;CTSTRARV.23;ERGONOMIA;LUIZA FERREIRA REZENDE DE MEDEIROS;20181.02SGT11N.4N;Noite;50;3;0;1-12;1-12;1-12;1-12;1-12;0
100051;CTSTRARV.24;SEGURANçA DO TRABALHO RURAL;RAFAEL MARQUES PEREIRA LEAL,TALINE CARVALHO MARTINS;20181.02SGT11N.4N;Noite;50;2;0;1-12;1-12;1-12;1-12;1-12;0
100045;CTSTRARV.25;BIOSSEGURANçA E BIOTéTICA;KAREN CARVALHO FERREIRA;20181.02SGT11N.4N;Noite;50;2;0;1-12;1-12;1-12;1-12;1-12;0
100049;CTSTRARV.26;GESTãO E LEGISLAçãO AMBIENTAL II;BRUNO DE OLIVEIRA COSTA COUTO;20181.02SGT11N.4N;Noite;50;2;0;1-12;1-12;1-12;1-12;1-12;0
100047;CTSTRARV.27;ÉTICA DO TRABALHO;SILVIA FERREIRA MARQUES SALUSTIANO,LUCIANA DE SOUSA SANTOS;20181.02SGT11N.4N;Noite;50;2;0;1-12;1-12;1-12;1-12;1-12;0
100048;CTSTRARV.28;GESTãO DE QUALIDADE;CARLOS ANTONIO CARDOSO SOBRINHO,LUCIANA DE SOUSA SANTOS;20181.02SGT11N.4N;Noite;50;2;0;1-12;1-12;1-12;1-12;1-12;0
100050;CTSTRARV.29;PROJETO DE CURSO;PATRICIA CALDEIRA DE SOUZA;20181.02SGT11N.4N;Noite;50;1;0;1-12;1-12;1-12;1-12;1-12;0
104578;GRAD.ANATANIM.01;ANATOMIA ANIMAL;JéSSIKA MARA MARTINS RIBEIRO;20181.02ZOO20I.1V;Tarde;27;3;0;1-6,13-16;1-6,13-16;1-6,13-16;1-6,13-16;1-6,13-16;1-16
104565;GRAD.ANATANIM.01;ANATOMIA ANIMAL;JéSSIKA MARA MARTINS RIBEIRO;20181.02ZOO20I.1V;Tarde;24;3;0;1-6,13-16;1-6,13-16;1-6,13-16;1-6,13-16;1-6,13-16;1-16
104579;GRAD.BC.02;BIOLOGIA CELULAR;GUSTAVO ANTôNIO TEIXEIRA CHAVES;20181.02ZOO20I.1V;Tarde;52;4;0;1-6,13-16;1-6,13-16;1-6,13-16;1-6,13-16;1-6,13-16;1-16
104580;GRAD.DT.02;DESENHO TéCNICO;LEONARDO NAZARIO SILVA DOS SANTOS;20181.02ZOO20I.1V;Tarde;45;4;0;1-6,13-16;1-6,13-16;1-6,13-16;1-6,13-16;1-6,13-16;1-16
104581;GRAD.FC.02;FUNDAMENTOS DE CáLCULO;PAULO HENRIQUE RODRIGUES GONçALVES;20181.02ZOO20I.1V;Tarde;48;4;0;1-6,13-16;1-6,13-16;1-6,13-16;1-6,13-16;1-6,13-16;1-16
104582;GRAD.IZ.01;INTRODUçãO à ZOOTECNIA;ADRIANO CARVALHO COSTA;20181.02ZOO20I.1V;Tarde;50;3;0;1-6,13-16;1-6,13-16;1-6,13-16;1-6,13-16;1-6,13-16;1-16
104583;GRAD.QGA.01;QUíMICA GERAL E ANALíTICA;INDI ASSIS RODRIGUES;20181.02ZOO20I.1V;Tarde;27;3;0;1-6,13-16;1-6,13-16;1-6,13-16;1-6,13-16;1-6,13-16;1-16
104564;GRAD.QGA.01;QUíMICA GERAL E ANALíTICA;INDI ASSIS RODRIGUES;20181.02ZOO20I.1V;Tarde;26;3;0;1-6,13-16;1-6,13-16;1-6,13-16;1-6,13-16;1-6,13-16;1-16
99301;RV.AGR205;MANEJO E CONSERVAçãO DO SOLO E ÁGUA;EDUARDO DA COSTA SEVERIANO;20181.02ZOO20I.3M;Manhã;50;4;0;7-16;7-16;7-16;7-16;7-16;1-16
99302;RV.ENG216;MECANIZAçãO AGRíCOLA APLICADA;JOãO CLEBER MODERNEL DA SILVEIRA;20181.02ZOO20I.3M;Manhã;50;4;0;7-16;7-16;7-16;7-16;7-16;1-16
99298;RV.EXA214;ESTATíSTICA BáSICA;FREDERICO ANTONIO LOUREIRO SOARES;20181.02ZOO20I.3M;Manhã;53;4;0;7-16;7-16;7-16;7-16;7-16;1-16
99297;RV.QUI214;BIOQUíMICA;CIBELE SILVA MINAFRA;20181.02ZOO20I.3M;Manhã;55;4;0;7-16;7-16;7-16;7-16;7-16;1-16
99303;RV.ZOO204;PARASITOLOGIA;FRANCISCO RIBEIRO DE ARAUJO NETO;20181.02ZOO20I.3M;Manhã;50;3;0;7-16;7-16;7-16;7-16;7-16;1-16
99299;SZOOTEC-RV.1;FISIOLOGIA ANIMAL I;KáTIA CYLENE GUIMARãES;20181.02ZOO20I.3M;Manhã;50;2;0;7-16;7-16;7-16;7-16;7-16;1-16
99300;SZOOTEC-RV.2;HISTOLOGIA E EMBRIOLOGIA ANIMAL;JANIO CORDEIRO MOREIRA;20181.02ZOO20I.3M;Manhã;50;4;0;7-16;7-16;7-16;7-16;7-16;1-16
99552;RV.ZOO204;PARASITOLOGIA;FRANCISCO RIBEIRO DE ARAUJO NETO;20181.02ZOO20I.5V;Tarde;50;3;0;1-6,13-16;1-6,13-16;1-6,13-16;1-6,13-16;1-6,13-16;1-16
99548;RV.ZOO205;BIOCLIMATOLOGIA E ETOLOGIA;ANA PAULA CARDOSO GOMIDE;20181.02ZOO20I.5V;Tarde;50;3;0;1-6,13-16;1-6,13-16;1-6,13-16;1-6,13-16;1-6,13-16;1-16
99550;RV.ZOO207;FORRAGICULTURA I;KáTIA APARECIDA DE PINHO COSTA;20181.02ZOO20I.5V;Tarde;50;3;0;1-6,13-16;1-6,13-16;1-6,13-16;1-6,13-16;1-6,13-16;1-16
99553;RV.ZOO208;REPRODUçãO ANIMAL;KAREN MARTINS LEãO;20181.02ZOO20I.5V;Tarde;50;4;0;1-6,13-16;1-6,13-16;1-6,13-16;1-6,13-16;1-6,13-16;1-16
99551;RV.ZOO221;MELHORAMENTO GENéTICO ANIMAL;FRANCISCO RIBEIRO DE ARAUJO NETO;20181.02ZOO20I.5V;Tarde;50;4;0;1-6,13-16;1-6,13-16;1-6,13-16;1-6,13-16;1-6,13-16;1-16
99549;RV.ZOO222;BROMATOLOGIA;CIBELE SILVA MINAFRA;20181.02ZOO20I.5V;Tarde;50;4;0;1-6,13-16;1-6,13-16;1-6,13-16;1-6,13-16;1-6,13-16;1-16
99538;RV.INF202;INFORMáTICA APLICADA à ZOOTECNIA;FRANCISCO RIBEIRO DE ARAUJO NETO;20181.02ZOO20I.7M;Manhã;50;4;0;7-16;7-16;7-16;7-16;7-16;1-16
99539;RV.ZOO210;NUTRIçãO DE NãO RUMINANTES;CIBELE SILVA MINAFRA;20181.02ZOO20I.7M;Manhã;50;4;0;7-16;7-16;7-16;7-16;7-16;1-16
99536;RV.ZOO211;APICULTURA,CUNICULTURA E ANIMAIS SILVESTRES;ADRIANO CARVALHO COSTA;20181.02ZOO20I.7M;Manhã;50;4;0;7-16;7-16;7-16;7-16;7-16;1-16
99540;RV.ZOO213;PASTAGENS;KáTIA APARECIDA DE PINHO COSTA;20181.02ZOO20I.7M;Manhã;50;4;0;7-16;7-16;7-16;7-16;7-16;1-16
99537;RV.ZOO214;EQUIDEOCULTURA;ELIS APARECIDO BENTO;20181.02ZOO20I.7M;Manhã;50;4;0;7-16;7-16;7-16;7-16;7-16;1-16
99541;RV.ZOO215;SUINOCULTURA;ANA PAULA CARDOSO GOMIDE;20181.02ZOO20I.7M;Manhã;50;4;0;7-16;7-16;7-16;7-16;7-16;1-16
99545;RV.HUM203;ÉTICA PROFISSIONAL;ELIS APARECIDO BENTO;20181.02ZOO20I.9V;Tarde;50;2;0;1-6,13-16;1-6,13-16;1-6,13-16;1-6,13-16;1-6,13-16;1-16
99546;RV.HUM209;GESTãO DE NEGóCIOS;CARLOS ANTONIO CARDOSO SOBRINHO;20181.02ZOO20I.9V;Tarde;50;3;0;1-6,13-16;1-6,13-16;1-6,13-16;1-6,13-16;1-6,13-16;1-16
99542;RV.ZOO216;AVICULTURA;FABIANA RAMOS DOS SANTOS;20181.02ZOO20I.9V;Tarde;50;4;0;1-6,13-16;1-6,13-16;1-6,13-16;1-6,13-16;1-6,13-16;1-16
99544;RV.ZOO218;CAPRINOCULTURA E OVINOCULTURA;ELIS APARECIDO BENTO;20181.02ZOO20I.9V;Tarde;50;4;0;1-6,13-16;1-6,13-16;1-6,13-16;1-6,13-16;1-6,13-16;1-16
99547;RV.ZOO219;JULGAMENTO E PREPARO DE ANIMAIS PARA EXPOSIçãO;ADRIANO CARVALHO COSTA;20181.02ZOO20I.9V;Tarde;50;2;0;1-6,13-16;1-6,13-16;1-6,13-16;1-6,13-16;1-6,13-16;1-16
99543;RV.ZOO220;BOVINOCULTURA DE LEITE;KáTIA CYLENE GUIMARãES;20181.02ZOO20I.9V;Tarde;50;4;0;1-6,13-16;1-6,13-16;1-6,13-16;1-6,13-16;1-6,13-16;1-16
